{
	"variants": {
		"": [
			{
				"model": "biomeswevegone:block/witch_hazel_leaves",
				"weight": 24
			},
			{
				"model": "biomeswevegone:block/witch_hazel_leaves_1",
				"weight": 2
			},
			{
				"model": "biomeswevegone:block/witch_hazel_leaves_1",
				"y": 90,
				"weight": 2
			},
			{
				"model": "biomeswevegone:block/witch_hazel_leaves_1",
				"y": 180,
				"weight": 2
			},
			{
				"model": "biomeswevegone:block/witch_hazel_leaves_1",
				"y": 270,
				"weight": 2
			},
			{
				"model": "biomeswevegone:block/witch_hazel_leaves_2",
				"weight": 1
			},
			{
				"model": "biomeswevegone:block/witch_hazel_leaves_2",
				"y": 90,
				"weight": 1
			},
			{
				"model": "biomeswevegone:block/witch_hazel_leaves_2",
				"y": 180,
				"weight": 1
			},
			{
				"model": "biomeswevegone:block/witch_hazel_leaves_2",
				"y": 270,
				"weight": 1
			},
			{
				"model": "biomeswevegone:block/witch_hazel_leaves_3",
				"weight": 2
			},
			{
				"model": "biomeswevegone:block/witch_hazel_leaves_3",
				"y": 90,
				"weight": 2
			},
			{
				"model": "biomeswevegone:block/witch_hazel_leaves_3",
				"y": 180,
				"weight": 2
			},
			{
				"model": "biomeswevegone:block/witch_hazel_leaves_3",
				"y": 270,
				"weight": 2
			},
			{
				"model": "biomeswevegone:block/witch_hazel_leaves_4",
				"weight": 1
			},
			{
				"model": "biomeswevegone:block/witch_hazel_leaves_4",
				"y": 90,
				"weight": 1
			},
			{
				"model": "biomeswevegone:block/witch_hazel_leaves_4",
				"y": 180,
				"weight": 1
			},
			{
				"model": "biomeswevegone:block/witch_hazel_leaves_4",
				"y": 270,
				"weight": 1
			}
		]
	}
}