{
  "AdvancedBackups-fabric-1.20-3.7.1.jar": {
    "modId": "advancedbackups",
    "version": "3.7.1"
  },
  "advancednetherite-fabric-2.1.3-1.20.1.jar": {
    "modId": "advancednetherite",
    "version": "2.1.3-1.20.1"
  },
  "advancementframes-1.20-2.2.7-fabric.jar": {
    "modId": "advancementframes",
    "version": "1.20-2.2.7"
  },
  "AdvancementPlaques-1.20.1-fabric-1.6.7.jar": {
    "modId": "advancementplaques",
    "version": "1.6.7"
  },
  "AmbientSounds_FABRIC_v6.1.6_mc1.20.1.jar": {
    "modId": "ambientsounds",
    "version": "6.1.6"
  },
  "amendments-1.20-1.2.19-fabric.jar": {
    "modId": "amendments",
    "version": "1.20-1.2.19"
  },
  "animatica-0.6.1+1.20.4.jar": {
    "modId": "animatica",
    "version": "0.6.1+1.20.4"
  },
  "appleskin-fabric-mc1.20.1-2.5.1.jar": {
    "modId": "appleskin",
    "version": "2.5.1+mc1.20"
  },
  "architectury-9.2.14-fabric.jar": {
    "modId": "architectury",
    "version": "9.2.14"
  },
  "areas-1.20.1-6.1.jar": {
    "modId": "areas",
    "version": "6.1"
  },
  "armorpointspp-fabric-1.20-3.1.2.jar": {
    "modId": "armorpointspp",
    "version": "3.1.2"
  },
  "artifacts-fabric-9.5.14.jar": {
    "modId": "artifacts",
    "version": "9.5.14"
  },
  "AttributeFix-Fabric-1.20.1-21.0.4.jar": {
    "modId": "attributefix",
    "version": "21.0.4"
  },
  "azurelibarmor-fabric-1.20.1-2.0.14.jar": {
    "modId": "azurelibarmor",
    "version": "2.0.14"
  },
  "backpacked-fabric-1.20.1-3.0.0-beta.9.jar": {
    "modId": "backpacked",
    "version": "3.0.0-beta.9"
  },
  "balm-fabric-1.20.1-7.3.24.jar": {
    "modId": "balm",
    "version": "7.3.24"
  },
  "bclib-3.0.14.jar": {
    "modId": "bclib",
    "version": "3.0.14"
  },
  "BedBenefits-Fabric-1.20.1-13.0.3.jar": {
    "modId": "bedbenefits",
    "version": "13.0.3"
  },
  "bedisnottoofaraway-0.0.1.jar": {
    "modId": "bedisnottoofaraway",
    "version": "0.0.1"
  },
  "better-end-4.0.11.jar": {
    "modId": "betterend",
    "version": "4.0.11"
  },
  "better-nether-9.0.10.jar": {
    "modId": "betternether",
    "version": "9.0.10"
  },
  "bettercombat-fabric-1.8.6+1.20.1.jar": {
    "modId": "bettercombat",
    "version": "1.8.6+1.20.1"
  },
  "betterendcitiesbetterend-1.20.1.jar": {
    "modId": "simplemod",
    "version": "1.20.1"
  },
  "bettermounthud-1.2.2.jar": {
    "modId": "bettermounthud",
    "version": "1.2.2"
  },
  "BetterThirdPerson-Fabric-1.20-1.9.0.jar": {
    "modId": "betterthirdperson",
    "version": "1.9.0"
  },
  "BetterTrims-3.2.8-fabric+1.20.1.jar": {
    "modId": "bettertrims",
    "version": "3.2.8"
  },
  "bettervillage-fabric-1.20.1-3.3.0.jar": {
    "modId": "bettervillage",
    "version": "3.3.0"
  },
  "BiomesOPlenty-fabric-1.20.1-19.0.0.95.jar": {
    "modId": "biomesoplenty",
    "version": "19.0.0.95"
  },
  "Bookshelf-Fabric-1.20.1-20.2.13.jar": {
    "modId": "bookshelf",
    "version": "20.2.13"
  },
  "borderless-mining-1.1.8+1.20.1.jar": {
    "modId": "borderlessmining",
    "version": "1.1.8+1.20.1"
  },
  "bottledair-1.20.1-2.5.jar": {
    "modId": "bottledair",
    "version": "2.5"
  },
  "bottleyourxp-1.20.1-3.5.jar": {
    "modId": "bottleyourxp",
    "version": "3.5"
  },
  "BridgingMod-2.5.1+1.20.1.fabric-release.jar": {
    "modId": "bridgingmod",
    "version": "2.5.1+1.20.1"
  },
  "brutalbosses-fabric-1.20.1-8.0.jar": {
    "modId": "brutalbosses",
    "version": "1.20.1-8.0"
  },
  "CallableHorseFabric-1.20-1.0.0.jar": {
    "modId": "callablehorsefabric",
    "version": "1.0.0"
  },
  "campfirespawnandtweaks-1.20.1-4.0.jar": {
    "modId": "campfirespawnandtweaks",
    "version": "4.0"
  },
  "capes-1.5.2+1.20-fabric.jar": {
    "modId": "capes",
    "version": "1.5.2+1.20"
  },
  "carryon-fabric-1.20.1-2.1.2.7.jar": {
    "modId": "carryon",
    "version": "2.1.2.7"
  },
  "chat_heads-0.13.13-fabric-1.20.jar": {
    "modId": "chat_heads",
    "version": "0.13.13"
  },
  "cicada-lib-0.11.4+1.20.1.jar": {
    "modId": "cicada",
    "version": "0.11.4+1.20.1"
  },
  "citresewn-1.1.5+1.20.1.jar": {
    "modId": "citresewn",
    "version": "1.1.5+1.20.1"
  },
  "clickadv-fabric-1.20.1-3.8.jar": {
    "modId": "clickadv"
  },
  "cloth-config-11.1.136-fabric.jar": {
    "modId": "cloth-config",
    "version": "11.1.136"
  },
  "Clumps-fabric-1.20.1-12.0.0.4.jar": {
    "modId": "clumps",
    "version": "12.0.0.4"
  },
  "cobweb-fabric-1.20.1-1.0.1.jar": {
    "modId": "cobweb",
    "version": "1.0.1"
  },
  "collective-1.20.1-7.94.jar": {
    "modId": "collective",
    "version": "7.94"
  },
  "combatroll-fabric-1.3.3+1.20.1.jar": {
    "modId": "combatroll",
    "version": "1.3.3+1.20.1"
  },
  "comforts-fabric-6.4.0+1.20.1.jar": {
    "modId": "comforts",
    "version": "6.4.0+1.20.1"
  },
  "Configurable-2.2.3-fabric-yarn+1.20.1.jar": {
    "modId": "configurable",
    "version": "2.2.3"
  },
  "configured-fabric-1.20.1-2.2.3.jar": {
    "modId": "configured",
    "version": "2.2.3"
  },
  "continuity-3.0.0+1.20.1.jar": {
    "modId": "continuity",
    "version": "3.0.0+1.20.1"
  },
  "controlify-2.0.2+1.20.1-fabric.jar": {
    "modId": "controlify",
    "version": "2.0.2+1.20.1-fabric"
  },
  "Controlling-fabric-1.20.1-12.0.2.jar": {
    "modId": "controlling",
    "version": "12.0.2"
  },
  "coroutil-fabric-1.20.1-1.3.7.jar": {
    "modId": "coroutil",
    "version": "1.20.1-1.3.7"
  },
  "CosmeticArmor-1.20-1.6.0.jar": {
    "modId": "cosmetic-armor",
    "version": "1.6.0"
  },
  "crash_assistant-fabric-1.4.3.jar": {
    "modId": "crash_assistant",
    "version": "1.4.3"
  },
  "CreativeCore_FABRIC_v2.12.24_mc1.20.1.jar": {
    "modId": "creativecore",
    "version": "2.12.24"
  },
  "cristellib-1.1.5-fabric.jar": {
    "modId": "cristellib",
    "version": "1.1.5"
  },
  "cupboard-fabric-1.20.1-2.7.jar": {
    "modId": "cupboard",
    "version": "1.20.1-2.7"
  },
  "Debugify-1.20.1+2.0.jar": {
    "modId": "debugify",
    "version": "1.20.1+2.0"
  },
  "deeperdarker-fabric-1.20-1.3.3.jar": {
    "modId": "deeperdarker",
    "version": "1.3.3"
  },
  "default_skill_trees-1.1.jar": {
    "modId": "default_skill_trees",
    "version": "1.1"
  },
  "do_a_barrel_roll-fabric-3.6.1+1.20.1.jar": {
    "modId": "do_a_barrel_roll",
    "version": "3.6.1+1.20.1"
  },
  "doubledoors-1.20.1-6.2.jar": {
    "modId": "doubledoors",
    "version": "6.2"
  },
  "dragondropselytra-1.20.1-3.5.jar": {
    "modId": "dragondropselytra",
    "version": "3.5"
  },
  "duckling-3.0.0-fabric.jar": {
    "modId": "duckling",
    "version": "3.0.0"
  },
  "dummmmmmy-1.20-2.0.6-fabric.jar": {
    "modId": "dummmmmmy",
    "version": "1.20-2.0.6"
  },
  "dungeon_difficulty-2.2.1+1.20.1.jar": {
    "modId": "dungeon_difficulty",
    "version": "2.2.1+1.20.1"
  },
  "DungeonsArise-1.20.x-2.1.58-fabric-release.jar": {
    "modId": "dungeons_arise",
    "version": "2.1.58"
  },
  "durabilitytooltip-1.1.5-fabric-mc1.20.jar": {
    "modId": "durabilitytooltip",
    "version": "1.1.5"
  },
  "dynamic-fps-3.9.0+minecraft-1.20.0-fabric.jar": {
    "modId": "dynamic_fps",
    "version": "3.9.0"
  },
  "e4mc_minecraft-fabric-5.3.0.jar": {
    "modId": "e4mc_minecraft",
    "version": "5.3.0"
  },
  "eating-animation-1.20+1.9.61.jar": {
    "modId": "eatinganimationid",
    "version": "1.20+1.9.61"
  },
  "elytra-hud-3.0.1+1.20-1.20.1.jar": {
    "modId": "elytra-hud",
    "version": "3.0.1"
  },
  "elytra_physics-fabric-2.1_mc1.19.3+.jar": {
    "modId": "elytra_physics",
    "version": "2.1_mc1.19.3+"
  },
  "elytraslot-fabric-6.4.4+1.20.1.jar": {
    "modId": "elytraslot",
    "version": "6.4.4+1.20.1"
  },
  "EnchantmentDescriptions-Fabric-1.20.1-17.1.19.jar": {
    "modId": "enchdesc",
    "version": "17.1.19"
  },
  "enhancedblockentities-0.9+1.20.jar": {
    "modId": "enhancedblockentities",
    "version": "0.9+1.20"
  },
  "entity_model_features_fabric_1.20.1-2.4.1.jar": {
    "modId": "entity_model_features",
    "version": "2.4.1"
  },
  "entity_texture_features_fabric_1.20.1-6.2.9.jar": {
    "modId": "entity_texture_features",
    "version": "6.2.9"
  },
  "entityculling-fabric-1.7.3-mc1.20.1.jar": {
    "modId": "entityculling",
    "version": "1.7.3"
  },
  "essential_1-3-5-9_fabric_1-20-1.jar": {
    "modId": "essential-container",
    "version": "1.0.0"
  },
  "EuphoriaPatcher-1.5.2-r5.4-fabric.jar": {
    "modId": "euphoria_patcher",
    "version": "1.5.2-r5.4-fabric"
  },
  "ExplorersCompass-1.20.1-2.2.3-fabric.jar": {
    "modId": "explorerscompass",
    "version": "1.20.1-2.2.3-fabric"
  },
  "extraorigins-1.20-8.jar": {
    "modId": "extraorigins",
    "version": "1.20-8"
  },
  "fabric-api-0.92.5+1.20.1.jar": {
    "modId": "fabric-api",
    "version": "0.92.5+1.20.1"
  },
  "fabric-language-kotlin-1.13.2+kotlin.2.1.20.jar": {
    "modId": "fabric-language-kotlin",
    "version": "1.13.2+kotlin.2.1.20"
  },
  "fabricskyboxes-0.7.3+mc1.20.1.jar": {
    "modId": "fabricskyboxes",
    "version": "0.7.3+mc1.20.1"
  },
  "fabrishot-1.10.1.jar": {
    "modId": "fabrishot",
    "version": "1.10.1"
  },
  "fadeless-1.0.1.jar": {
    "modId": "fadeless",
    "version": "1.0.1"
  },
  "fallingleaves-1.15.6+1.20.1.jar": {
    "modId": "fallingleaves",
    "version": "1.15.6"
  },
  "fancymenu_fabric_3.4.6_MC_1.20.1.jar": {
    "modId": "fancymenu",
    "version": "3.4.6"
  },
  "fastquit-3.0.0+1.20+.jar": {
    "modId": "fastquit",
    "version": "3.0.0+1.20+"
  },
  "ferritecore-6.0.1-fabric.jar": {
    "modId": "ferritecore",
    "version": "6.0.1"
  },
  "findme-3.2.1-fabric.jar": {
    "modId": "findme",
    "version": "3.2.1"
  },
  "followersteleporttoo-1.20.1-2.7.jar": {
    "modId": "followersteleporttoo",
    "version": "2.7"
  },
  "ForgeConfigAPIPort-v8.0.2-1.20.1-Fabric.jar": {
    "modId": "forgeconfigapiport",
    "version": "8.0.2"
  },
  "framework-fabric-1.20.1-0.7.12.jar": {
    "modId": "framework",
    "version": "0.7.12"
  },
  "FriendlyFire-Fabric-1.20.1-18.0.7.jar": {
    "modId": "friendlyfire",
    "version": "18.0.7"
  },
  "fsb-interop-1.3.6+mc1.20.1-build.50.jar": {
    "modId": "fsb-interop",
    "version": "1.3.6+mc1.20.1-build.50"
  },
  "geckolib-fabric-1.20.1-4.7.1.2.jar": {
    "modId": "geckolib",
    "version": "4.7.1.2"
  },
  "getittogetherdrops-fabric-1.20-1.3.1.jar": {
    "modId": "getittogetherdrops",
    "version": "fabric-1.20-1.3.1"
  },
  "GlitchCore-fabric-1.20.1-0.0.1.1.jar": {
    "modId": "glitchcore",
    "version": "0.0.1.1"
  },
  "gpumemleakfix-fabric-1.20.1-1.8.jar": {
    "modId": "gpumemleakfix",
    "version": "1.20.1-1.8"
  },
  "handcrafted-fabric-1.20.1-3.0.6.jar": {
    "modId": "handcrafted",
    "version": "3.0.6"
  },
  "healingcampfire-1.20.1-6.2.jar": {
    "modId": "healingcampfire",
    "version": "6.2"
  },
  "HopoBetterRuinedPortals-[1.20-1.20.2]-1.3.7.jar": {
    "modId": "hoporp",
    "version": "1.3.7"
  },
  "Iceberg-1.20.1-fabric-1.1.25.jar": {
    "modId": "iceberg",
    "version": "1.1.25"
  },
  "ImmediatelyFast-Fabric-1.5.0+1.20.4.jar": {
    "modId": "immediatelyfast",
    "version": "1.5.0+1.20.4"
  },
  "immersive_aircraft-1.2.2+1.20.1-fabric.jar": {
    "modId": "immersive_aircraft",
    "version": "1.2.2+1.20.1"
  },
  "immersive_armors-1.6.1+1.20.1-fabric.jar": {
    "modId": "immersive_armors",
    "version": "1.6.1+1.20.1"
  },
  "immersivemc-1.5.3-1.20.1-fabric.jar": {
    "modId": "immersivemc",
    "version": "1.5.3"
  },
  "indium-1.0.36+mc1.20.1.jar": {
    "modId": "indium",
    "version": "1.0.36+mc1.20.1"
  },
  "iris-1.7.6+mc1.20.1.jar": {
    "modId": "iris",
    "version": "1.7.6+mc1.20.1"
  },
  "ItemBorders-1.20.1-fabric-1.2.2.jar": {
    "modId": "itemborders",
    "version": "1.2.2"
  },
  "ItemPhysic_FABRIC_v1.8.4_mc1.20.1.jar": {
    "modId": "itemphysic",
    "version": "1.8.4"
  },
  "ItemsDisplayed - v1.3-1.20.1.jar": {
    "modId": "items_displayed",
    "version": "1.3"
  },
  "Jade-1.20-Fabric-11.12.3.jar": {
    "modId": "jade",
    "version": "11.12.3+fabric"
  },
  "jeed-1.20-2.2.5-fabric.jar": {
    "modId": "jeed",
    "version": "1.20-2.2.5"
  },
  "jei-1.20.1-fabric-15.12.2.51.jar": {
    "modId": "jei",
    "version": "15.12.2.51"
  },
  "jepp-1.20-1.1.2-fabric.jar": {
    "modId": "jepp",
    "version": "1.20-1.1.2"
  },
  "justenoughbreeding-fabric-1.20-1.20.1-1.5.0.jar": {
    "modId": "justenoughbreeding",
    "version": "1.5.0"
  },
  "JustEnoughProfessions-fabric-1.20.1-3.0.1.jar": {
    "modId": "justenoughprofessions",
    "version": "3.0.1"
  },
  "JustEnoughResources-Fabric-1.20.1-1.4.0.247.jar": {
    "modId": "jeresources",
    "version": "1.4.0.247"
  },
  "justmobheads-1.20.1-8.5.jar": {
    "modId": "justmobheads",
    "version": "8.5"
  },
  "justplayerheads-1.20.1-4.2.jar": {
    "modId": "justplayerheads",
    "version": "4.2"
  },
  "Knockknock-v2.0.0-1.20.1-Fabric.jar": {
    "modId": "knockknock",
    "version": "2.0.0"
  },
  "konkrete_fabric_1.8.1_MC_1.20.1.jar": {
    "modId": "konkrete",
    "version": "1.8.1"
  },
  "lambdynamiclights-4.1.0+1.20.1.jar": {
    "modId": "lambdynlights",
    "version": "4.1.0+1.20.1"
  },
  "LeavesBeGone-v8.0.0-1.20.1-Fabric.jar": {
    "modId": "leavesbegone",
    "version": "8.0.0"
  },
  "LegendaryTooltips-1.20.1-fabric-1.4.5.jar": {
    "modId": "legendarytooltips",
    "version": "1.4.5"
  },
  "Lexiconfig-fabric-1.3.11.jar": {
    "modId": "lexiconfig",
    "version": "1.3.11"
  },
  "libraryferret-fabric-1.20.1-4.0.0.jar": {
    "modId": "libraryferret",
    "version": "4.0.0"
  },
  "lithium-fabric-mc1.20.1-0.11.3.jar": {
    "modId": "lithium",
    "version": "0.11.3"
  },
  "lootr-fabric-1.20-0.7.35.85.jar": {
    "modId": "lootr",
    "version": "0.7.35.85"
  },
  "main-menu-credits-1.1.2.jar": {
    "modId": "isxander-main-menu-credits",
    "version": "1.1.2"
  },
  "majrusz-library-fabric-1.20.1-7.0.8.jar": {
    "modId": "majruszlibrary",
    "version": "7.0.8"
  },
  "MaxHealthFix-Fabric-1.20.1-12.0.3.jar": {
    "modId": "maxhealthfix",
    "version": "12.0.3"
  },
  "mcw-bridges-3.0.0-mc1.20.1fabric.jar": {
    "modId": "mcwbridges",
    "version": "3.0.0"
  },
  "mcw-doors-1.1.2-mc1.20.1fabric.jar": {
    "modId": "mcwdoors",
    "version": "1.1.2"
  },
  "mcw-fences-1.1.2-mc1.20.1fabric.jar": {
    "modId": "mcwfences",
    "version": "1.1.2"
  },
  "mcw-furniture-3.3.0-mc1.20.1fabric.jar": {
    "modId": "mcwfurnitures",
    "version": "3.3.0"
  },
  "mcw-lights-1.1.1-mc1.20.1fabric.jar": {
    "modId": "mcwlights",
    "version": "1.1.1"
  },
  "mcw-roofs-2.3.1-mc1.20.1fabric.jar": {
    "modId": "mcwroofs",
    "version": "2.3.1"
  },
  "mcw-windows-2.3.0-mc1.20.1fabric.jar": {
    "modId": "mcwwindows",
    "version": "2.3.0"
  },
  "melody_fabric_1.0.4_MC_1.20.1-1.20.4.jar": {
    "modId": "melody",
    "version": "1.0.3"
  },
  "mixintrace-1.1.1+1.17.jar": {
    "modId": "mixintrace",
    "version": "1.1.1+1.17"
  },
  "moborigins-1.11.1.jar": {
    "modId": "moborigins",
    "version": "1.11.1"
  },
  "modelfix-1.15-fabric.jar": {
    "modId": "modelfix",
    "version": "1.15"
  },
  "modernfix-fabric-5.20.2+mc1.20.1.jar": {
    "modId": "modernfix",
    "version": "5.20.2+mc1.20.1"
  },
  "modmenu-7.2.2.jar": {
    "modId": "modmenu",
    "version": "7.2.2"
  },
  "monolib-fabric-1.20.1-2.0.0.jar": {
    "modId": "monolib",
    "version": "2.0.0"
  },
  "moonlight-1.20-2.13.79-fabric.jar": {
    "modId": "moonlight",
    "version": "1.20-2.13.79"
  },
  "morechathistory-1.3.0.jar": {
    "modId": "morechathistory",
    "version": "1.3.0"
  },
  "moreculling-1.20.1-0.19.0.jar": {
    "modId": "moreculling",
    "version": "1.20.1-0.19.0"
  },
  "NaturesCompass-1.20.1-2.2.3-fabric.jar": {
    "modId": "naturescompass",
    "version": "1.20.1-2.2.3-fabric"
  },
  "Necronomicon-Fabric-1.6.0+1.20.1.jar": {
    "modId": "necronomicon",
    "version": "1.6.0"
  },
  "NoChatReports-FABRIC-1.20.1-v2.2.2.jar": {
    "modId": "nochatreports",
    "version": "1.20.1-v2.2.2"
  },
  "nohostilesaroundcampfire-1.20.1-7.2.jar": {
    "modId": "nohostilesaroundcampfire",
    "version": "7.2"
  },
  "notenoughanimations-fabric-1.9.2-mc1.20.1.jar": {
    "modId": "notenoughanimations",
    "version": "1.9.2"
  },
  "notenoughcrashes-4.4.7+1.20.1-fabric.jar": {
    "modId": "notenoughcrashes",
    "version": "4.4.7+1.20.1"
  },
  "nyfsspiders-fabric-1.20.1-2.1.1.jar": {
    "modId": "nyfsspiders",
    "version": "2.1.1"
  },
  "OpenLoader-Fabric-1.20.1-19.0.4.jar": {
    "modId": "openloader",
    "version": "19.0.4"
  },
  "optigui-2.1.7.jar": {
    "modId": "optigui",
    "version": "2.1.7"
  },
  "Origins-1.20.1-1.10.0.jar": {
    "modId": "origins",
    "version": "1.10.0"
  },
  "owo-lib-0.11.2+1.20.jar": {
    "modId": "owo",
    "version": "0.11.2+1.20"
  },
  "paladins-1.4.0+1.20.1.jar": {
    "modId": "paladins",
    "version": "1.4.0+1.20.1"
  },
  "passiveshield-1.20.1-3.7.jar": {
    "modId": "passiveshield",
    "version": "3.7"
  },
  "Pehkui-3.8.3+1.14.4-1.21.jar": {
    "modId": "pehkui",
    "version": "3.8.3+1.14.4-1.21"
  },
  "PickUpNotifier-v8.0.0-1.20.1-Fabric.jar": {
    "modId": "pickupnotifier",
    "version": "8.0.0"
  },
  "player-animation-lib-fabric-1.0.2-rc1+1.20.jar": {
    "modId": "player-animator",
    "version": "1.0.2-rc1+1.20"
  },
  "polymorph-fabric-0.49.8+1.20.1.jar": {
    "modId": "polymorph",
    "version": "0.49.8+1.20.1"
  },
  "portable-stations-1.20.1.jar": {
    "modId": "portable-stations",
    "version": "1.0.0"
  },
  "Prism-1.20.1-fabric-1.0.5.jar": {
    "modId": "prism",
    "version": "1.0.5"
  },
  "puffish_attributes-0.7.3-1.20-fabric.jar": {
    "modId": "puffish_attributes",
    "version": "0.7.3"
  },
  "puffish_skills-0.15.2-1.20-fabric.jar": {
    "modId": "puffish_skills",
    "version": "0.15.2"
  },
  "puffish_skills_origins-0.2.0-1.20.1-fabric.jar": {
    "modId": "puffish_skills_origins",
    "version": "0.2.0"
  },
  "puzzle-1.5.2+1.20.jar": {
    "modId": "puzzle",
    "version": "1.5.2+1.20"
  },
  "PuzzlesLib-v8.1.29-1.20.1-Fabric.jar": {
    "modId": "puzzleslib",
    "version": "8.1.29"
  },
  "ranged_weapon_api-1.1.4+1.20.1.jar": {
    "modId": "ranged_weapon_api",
    "version": "1.1.4+1.20.1"
  },
  "rare-ice-0.6.0.jar": {
    "modId": "rare-ice",
    "version": "0.6.0"
  },
  "replaymod-1.20.1-2.6.13.jar": {
    "modId": "replaymod",
    "version": "1.20.1-2.6.13"
  },
  "resourcefullib-fabric-1.20.1-2.1.29.jar": {
    "modId": "resourcefullib",
    "version": "2.1.29"
  },
  "RPGOrigins-1.4.3.jar": {
    "modId": "rpg_origins",
    "version": "1.4.3"
  },
  "rrls-4.0.6.1+mc1.20.1-fabric.jar": {
    "modId": "rrls",
    "version": "4.0.6.1+mc1.20.1-fabric"
  },
  "runes-0.9.13+1.20.1.jar": {
    "modId": "runes",
    "version": "0.9.13+1.20.1"
  },
  "Searchables-fabric-1.20.1-1.0.3.jar": {
    "modId": "searchables",
    "version": "1.0.3"
  },
  "shield_overhaul-2.0.4.jar": {
    "modId": "shield_overhaul",
    "version": "2.0.4"
  },
  "ShieldAPI-1.0.1+1.20.1.jar": {
    "modId": "shield_api",
    "version": "1.0.1+1.20.1"
  },
  "SimpleRadio-fabric-1.20.1-2.4.6.1.jar": {
    "modId": "simpleradio",
    "version": "2.4.6.1"
  },
  "simplyskills-1.7.2+1.20.1.jar": {
    "modId": "simplyskills",
    "version": "1.7.2+1.20.1"
  },
  "simplyswords-1.56.0-1.20.1.jar": {
    "modId": "simplyswords",
    "version": "1.56.0-1.20.1"
  },
  "sit-1.20.1-27.jar": {
    "modId": "sit",
    "version": "1.20.1-27"
  },
  "skinlayers3d-fabric-1.7.4-mc1.20.1.jar": {
    "modId": "skinlayers3d",
    "version": "1.7.4"
  },
  "SkyVillages-1.0.4-1.19.2-1.20.1-fabric.jar": {
    "modId": "skyvillages",
    "version": "1.0.4-1.19.2-1.20.1"
  },
  "smallships-fabric-1.20.1-2.0.0-b1.4.jar": {
    "modId": "smallships",
    "version": "2.0.0-b1.4"
  },
  "smarterfarmers-1.20-2.1.2-fabric.jar": {
    "modId": "smarterfarmers",
    "version": "1.20-2.1.2"
  },
  "sodium-fabric-0.5.13+mc1.20.1.jar": {
    "modId": "sodium",
    "version": "0.5.13+mc1.20.1"
  },
  "sound-physics-remastered-fabric-1.20.1-1.4.8.jar": {
    "modId": "sound_physics_remastered",
    "version": "1.20.1-1.4.8"
  },
  "spark-1.10.53-fabric.jar": {
    "modId": "spark",
    "version": "1.10.53"
  },
  "spell_engine-0.15.12+1.20.1.jar": {
    "modId": "spell_engine",
    "version": "0.15.12+1.20.1"
  },
  "spell_power-0.12.0+1.20.1.jar": {
    "modId": "spell_power",
    "version": "0.12.0+1.20.1"
  },
  "supermartijn642configlib-1.1.8a-fabric-mc1.20.jar": {
    "modId": "supermartijn642configlib",
    "version": "1.1.8+a"
  },
  "supermartijn642corelib-1.1.18a-fabric-mc1.20.1.jar": {
    "modId": "supermartijn642corelib",
    "version": "1.1.18+a"
  },
  "supplementaries-1.20-3.1.18-fabric.jar": {
    "modId": "supplementaries",
    "version": "1.20-3.1.18"
  },
  "suppsquared-1.20-1.1.21-fabric.jar": {
    "modId": "suppsquared",
    "version": "1.20-1.1.21"
  },
  "TerraBlender-fabric-1.20.1-3.0.1.10.jar": {
    "modId": "terrablender",
    "version": "3.0.1.10"
  },
  "Tips-Fabric-1.20.1-12.1.8.jar": {
    "modId": "tipsmod",
    "version": "12.1.8"
  },
  "torch-hit-fabric-1.20.1-7.0.0.jar": {
    "modId": "torch_hit",
    "version": "7.0.0"
  },
  "Towns-and-Towers-1.12-Fabric+Forge.jar": {
    "modId": "t_and_t",
    "version": "1.10.2"
  },
  "trashcans-1.0.18-fabric-mc1.20.jar": {
    "modId": "trashcans",
    "version": "1.0.18"
  },
  "TravelersTitles-1.20-Fabric-4.0.2.jar": {
    "modId": "travelerstitles",
    "version": "1.20-Fabric-4.0.2"
  },
  "trinkets-3.7.2.jar": {
    "modId": "trinkets",
    "version": "3.7.2"
  },
  "villagernames-1.20.1-8.2.jar": {
    "modId": "villagernames",
    "version": "8.2"
  },
  "villagespawnpoint-1.20.1-4.5.jar": {
    "modId": "villagespawnpoint",
    "version": "4.5"
  },
  "voicechat-fabric-1.20.1-2.5.28.jar": {
    "modId": "voicechat",
    "version": "1.20.1-2.5.28"
  },
  "watut-fabric-1.20.1-1.2.3.jar": {
    "modId": "watut",
    "version": "1.20.1-1.2.3"
  },
  "waveycapes-fabric-1.5.1-mc1.20.1.jar": {
    "modId": "waveycapes",
    "version": "1.5.1"
  },
  "waystones-fabric-1.20.1-14.1.11.jar": {
    "modId": "waystones",
    "version": "14.1.11"
  },
  "weaponmaster_ydm-fabric-1.20.1-4.2.6.jar": {
    "modId": "weaponmaster_ydm",
    "version": "4.2.3"
  },
  "wormhole-1.1.16-fabric-mc1.20.jar": {
    "modId": "wormhole",
    "version": "1.1.16"
  },
  "Xaeros_Minimap_25.2.0_Fabric_1.20.jar": {
    "modId": "xaerominimap",
    "version": "25.2.0"
  },
  "XaerosWorldMap_1.39.4_Fabric_1.20.jar": {
    "modId": "xaeroworldmap",
    "version": "1.39.4"
  },
  "YeetusExperimentus-Fabric-2.3.1-build.6+mc1.20.1.jar": {
    "modId": "yeetusexperimentus",
    "version": "2.3.1-build.6+mc1.20.1"
  },
  "yet_another_config_lib_v3-3.6.6+1.20.1-fabric.jar": {
    "modId": "yet_another_config_lib_v3",
    "version": "3.6.6+1.20.1-fabric"
  },
  "yosbr-0.1.2.jar": {
    "modId": "yosbr",
    "version": "0.1.2"
  },
  "youre-in-grave-danger-fabric-2.0.12.jar": {
    "modId": "yigd",
    "version": "2.0.12"
  },
  "YungsApi-1.20-Fabric-4.0.6.jar": {
    "modId": "yungsapi",
    "version": "1.20-Fabric-4.0.6"
  },
  "YungsBetterDesertTemples-1.20-Fabric-3.0.3.jar": {
    "modId": "betterdeserttemples",
    "version": "1.20-Fabric-3.0.3"
  },
  "YungsBetterDungeons-1.20-Fabric-4.0.4.jar": {
    "modId": "betterdungeons",
    "version": "1.20-Fabric-4.0.4"
  },
  "YungsBetterEndIsland-1.20-Fabric-2.0.6.jar": {
    "modId": "betterendisland",
    "version": "1.20-Fabric-2.0.6"
  },
  "YungsBetterJungleTemples-1.20-Fabric-2.0.5.jar": {
    "modId": "betterjungletemples",
    "version": "1.20-Fabric-2.0.5"
  },
  "YungsBetterMineshafts-1.20-Fabric-4.0.4.jar": {
    "modId": "bettermineshafts",
    "version": "1.20-Fabric-4.0.4"
  },
  "YungsBetterNetherFortresses-1.20-Fabric-2.0.6.jar": {
    "modId": "betterfortresses",
    "version": "1.20-Fabric-2.0.6"
  },
  "YungsBetterOceanMonuments-1.20-Fabric-3.0.4.jar": {
    "modId": "betteroceanmonuments",
    "version": "1.20-Fabric-3.0.4"
  },
  "YungsBetterStrongholds-1.20-Fabric-4.0.3.jar": {
    "modId": "betterstrongholds",
    "version": "1.20-Fabric-4.0.3"
  },
  "YungsBetterWitchHuts-1.20-Fabric-3.0.3.jar": {
    "modId": "betterwitchhuts",
    "version": "1.20-Fabric-3.0.3"
  },
  "YungsBridges-1.20-Fabric-4.0.3.jar": {
    "modId": "yungsbridges",
    "version": "1.20-Fabric-4.0.3"
  },
  "YungsCaveBiomes-1.20.1-Fabric-2.0.4.jar": {
    "modId": "yungscavebiomes",
    "version": "1.20.1-Fabric-2.0.4"
  },
  "YungsExtras-1.20-Fabric-4.0.3.jar": {
    "modId": "yungsextras",
    "version": "1.20-Fabric-4.0.3"
  },
  "YungsMenuTweaks-1.20.1-Fabric-1.0.2.jar": {
    "modId": "yungsmenutweaks",
    "version": "1.20.1-Fabric-1.0.2"
  }
}