{
	"format_version": "1.21.6",
	"credit": "Made with Blockbench",
	"textures": {
		"1": "waystone_overlays/sharestone_color",
		"texture": "waystones:item/waystone/andesite_waystone",
		"particle": "block/andesite"
	},
	"elements": [
		{
			"name": "andesite_waystone_0",
			"from": [4, 12, 7.5],
			"to": [11, 16, 8.5],
			"rotation": {"angle": 0, "axis": "y", "origin": [0, 0, 7.5]},
			"faces": {
				"north": {"uv": [11, 0, 4, 4], "texture": "#texture"},
				"east": {"uv": [10, 0, 11, 4], "texture": "#texture"},
				"south": {"uv": [4, 0, 11, 4], "texture": "#texture"},
				"west": {"uv": [4, 0, 5, 4], "texture": "#texture"},
				"up": {"uv": [4, 0, 11, 1], "texture": "#texture"},
				"down": {"uv": [4, 3, 11, 4], "texture": "#texture"}
			}
		},
		{
			"name": "andesite_waystone_1",
			"from": [3, 11, 7.5],
			"to": [4, 15, 8.5],
			"rotation": {"angle": 0, "axis": "y", "origin": [0, 0, 7.5]},
			"faces": {
				"north": {"uv": [4, 1, 3, 5], "texture": "#texture"},
				"east": {"uv": [3, 1, 4, 5], "texture": "#texture"},
				"south": {"uv": [3, 1, 4, 5], "texture": "#texture"},
				"west": {"uv": [3, 1, 4, 5], "texture": "#texture"},
				"up": {"uv": [3, 1, 4, 2], "texture": "#texture"},
				"down": {"uv": [3, 4, 4, 5], "texture": "#texture"}
			}
		},
		{
			"name": "andesite_waystone_2",
			"from": [11, 11, 7.5],
			"to": [12, 15, 8.5],
			"rotation": {"angle": 0, "axis": "y", "origin": [0, 0, 7.5]},
			"faces": {
				"north": {"uv": [12, 1, 11, 5], "texture": "#texture"},
				"east": {"uv": [11, 1, 12, 5], "texture": "#texture"},
				"south": {"uv": [11, 1, 12, 5], "texture": "#texture"},
				"west": {"uv": [11, 1, 12, 5], "texture": "#texture"},
				"up": {"uv": [11, 1, 12, 2], "texture": "#texture"},
				"down": {"uv": [11, 4, 12, 5], "texture": "#texture"}
			}
		},
		{
			"name": "andesite_waystone_3",
			"from": [2, 12, 7.5],
			"to": [3, 14, 8.5],
			"rotation": {"angle": 0, "axis": "y", "origin": [0, 0, 7.5]},
			"faces": {
				"north": {"uv": [3, 2, 2, 4], "texture": "#texture"},
				"east": {"uv": [2, 2, 3, 4], "texture": "#texture"},
				"south": {"uv": [2, 2, 3, 4], "texture": "#texture"},
				"west": {"uv": [2, 2, 3, 4], "texture": "#texture"},
				"up": {"uv": [2, 2, 3, 3], "texture": "#texture"},
				"down": {"uv": [2, 3, 3, 4], "texture": "#texture"}
			}
		},
		{
			"name": "andesite_waystone_4",
			"from": [12, 12, 7.5],
			"to": [13, 14, 8.5],
			"rotation": {"angle": 0, "axis": "y", "origin": [0, 0, 7.5]},
			"faces": {
				"north": {"uv": [13, 2, 12, 4], "texture": "#texture"},
				"east": {"uv": [12, 2, 13, 4], "texture": "#texture"},
				"south": {"uv": [12, 2, 13, 4], "texture": "#texture"},
				"west": {"uv": [12, 2, 13, 4], "texture": "#texture"},
				"up": {"uv": [12, 2, 13, 3], "texture": "#texture"},
				"down": {"uv": [12, 3, 13, 4], "texture": "#texture"}
			}
		},
		{
			"name": "andesite_waystone_5",
			"from": [4, 3, 7.5],
			"to": [6, 12, 8.5],
			"rotation": {"angle": 0, "axis": "y", "origin": [0, 0, 7.5]},
			"faces": {
				"north": {"uv": [6, 4, 4, 13], "texture": "#texture"},
				"east": {"uv": [5, 4, 6, 13], "texture": "#texture"},
				"south": {"uv": [4, 4, 6, 13], "texture": "#texture"},
				"west": {"uv": [4, 4, 5, 13], "texture": "#texture"},
				"up": {"uv": [4, 4, 6, 5], "texture": "#texture"},
				"down": {"uv": [4, 12, 6, 13], "texture": "#texture"}
			}
		},
		{
			"name": "andesite_waystone_6",
			"from": [9, 3, 7.5],
			"to": [11, 12, 8.5],
			"rotation": {"angle": 0, "axis": "y", "origin": [0, 0, 7.5]},
			"faces": {
				"north": {"uv": [11, 4, 9, 13], "texture": "#texture"},
				"east": {"uv": [10, 4, 11, 13], "texture": "#texture"},
				"south": {"uv": [9, 4, 11, 13], "texture": "#texture"},
				"west": {"uv": [9, 4, 10, 13], "texture": "#texture"},
				"up": {"uv": [9, 4, 11, 5], "texture": "#texture"},
				"down": {"uv": [9, 12, 11, 13], "texture": "#texture"}
			}
		},
		{
			"name": "andesite_waystone_7",
			"from": [6, 3, 7.5],
			"to": [9, 11, 8.5],
			"rotation": {"angle": 0, "axis": "y", "origin": [0, 0, 7.5]},
			"faces": {
				"north": {"uv": [9, 5, 6, 13], "texture": "#texture"},
				"east": {"uv": [8, 5, 9, 13], "texture": "#texture"},
				"south": {"uv": [6, 5, 9, 13], "texture": "#texture"},
				"west": {"uv": [6, 5, 7, 13], "texture": "#texture"},
				"up": {"uv": [6, 5, 9, 6], "texture": "#texture"},
				"down": {"uv": [6, 12, 9, 13], "texture": "#texture"}
			}
		},
		{
			"name": "andesite_waystone_8",
			"from": [3, 1, 7.5],
			"to": [4, 6, 8.5],
			"rotation": {"angle": 0, "axis": "y", "origin": [0, 0, 7.5]},
			"faces": {
				"north": {"uv": [4, 10, 3, 15], "texture": "#texture"},
				"east": {"uv": [3, 10, 4, 15], "texture": "#texture"},
				"south": {"uv": [3, 10, 4, 15], "texture": "#texture"},
				"west": {"uv": [3, 10, 4, 15], "texture": "#texture"},
				"up": {"uv": [3, 10, 4, 11], "texture": "#texture"},
				"down": {"uv": [3, 14, 4, 15], "texture": "#texture"}
			}
		},
		{
			"name": "andesite_waystone_9",
			"from": [11, 1, 7.5],
			"to": [12, 6, 8.5],
			"rotation": {"angle": 0, "axis": "y", "origin": [0, 0, 7.5]},
			"faces": {
				"north": {"uv": [12, 10, 11, 15], "texture": "#texture"},
				"east": {"uv": [11, 10, 12, 15], "texture": "#texture"},
				"south": {"uv": [11, 10, 12, 15], "texture": "#texture"},
				"west": {"uv": [11, 10, 12, 15], "texture": "#texture"},
				"up": {"uv": [11, 10, 12, 11], "texture": "#texture"},
				"down": {"uv": [11, 14, 12, 15], "texture": "#texture"}
			}
		},
		{
			"name": "andesite_waystone_10",
			"from": [2, 2, 7.5],
			"to": [3, 5, 8.5],
			"rotation": {"angle": 0, "axis": "y", "origin": [0, 0, 7.5]},
			"faces": {
				"north": {"uv": [3, 11, 2, 14], "texture": "#texture"},
				"east": {"uv": [2, 11, 3, 14], "texture": "#texture"},
				"south": {"uv": [2, 11, 3, 14], "texture": "#texture"},
				"west": {"uv": [2, 11, 3, 14], "texture": "#texture"},
				"up": {"uv": [2, 11, 3, 12], "texture": "#texture"},
				"down": {"uv": [2, 13, 3, 14], "texture": "#texture"}
			}
		},
		{
			"name": "andesite_waystone_11",
			"from": [12, 2, 7.5],
			"to": [13, 5, 8.5],
			"rotation": {"angle": 0, "axis": "y", "origin": [0, 0, 7.5]},
			"faces": {
				"north": {"uv": [13, 11, 12, 14], "texture": "#texture"},
				"east": {"uv": [12, 11, 13, 14], "texture": "#texture"},
				"south": {"uv": [12, 11, 13, 14], "texture": "#texture"},
				"west": {"uv": [12, 11, 13, 14], "texture": "#texture"},
				"up": {"uv": [12, 11, 13, 12], "texture": "#texture"},
				"down": {"uv": [12, 13, 13, 14], "texture": "#texture"}
			}
		},
		{
			"name": "andesite_waystone_12",
			"from": [4, 0, 7.5],
			"to": [5, 3, 8.5],
			"rotation": {"angle": 0, "axis": "y", "origin": [0, 0, 7.5]},
			"faces": {
				"north": {"uv": [5, 13, 4, 16], "texture": "#texture"},
				"east": {"uv": [4, 13, 5, 16], "texture": "#texture"},
				"south": {"uv": [4, 13, 5, 16], "texture": "#texture"},
				"west": {"uv": [4, 13, 5, 16], "texture": "#texture"},
				"up": {"uv": [4, 13, 5, 14], "texture": "#texture"},
				"down": {"uv": [4, 15, 5, 16], "texture": "#texture"}
			}
		},
		{
			"name": "andesite_waystone_13",
			"from": [10, 0, 7.5],
			"to": [11, 3, 8.5],
			"rotation": {"angle": 0, "axis": "y", "origin": [0, 0, 7.5]},
			"faces": {
				"north": {"uv": [11, 13, 10, 16], "texture": "#texture"},
				"east": {"uv": [10, 13, 11, 16], "texture": "#texture"},
				"south": {"uv": [10, 13, 11, 16], "texture": "#texture"},
				"west": {"uv": [10, 13, 11, 16], "texture": "#texture"},
				"up": {"uv": [10, 13, 11, 14], "texture": "#texture"},
				"down": {"uv": [10, 15, 11, 16], "texture": "#texture"}
			}
		},
		{
			"name": "andesite_waystone_14",
			"from": [5, 0, 7.5],
			"to": [10, 2, 8.5],
			"rotation": {"angle": 0, "axis": "y", "origin": [0, 0, 7.5]},
			"faces": {
				"north": {"uv": [10, 14, 5, 16], "texture": "#texture"},
				"east": {"uv": [9, 14, 10, 16], "texture": "#texture"},
				"south": {"uv": [5, 14, 10, 16], "texture": "#texture"},
				"west": {"uv": [5, 14, 6, 16], "texture": "#texture"},
				"up": {"uv": [5, 14, 10, 15], "texture": "#texture"},
				"down": {"uv": [5, 15, 10, 16], "texture": "#texture"}
			}
		},
		{
			"from": [5, 1, 7.499],
			"to": [10, 15, 8.498],
			"faces": {
				"north": {"uv": [0.625, 0.0625, 0.3125, 0.9375], "texture": "#1", "tintindex": 1},
				"east": {"uv": [0, 0, 0, 0], "texture": "#1", "tintindex": 1},
				"south": {"uv": [0.3125, 0.0625, 0.625, 0.9375], "texture": "#1", "tintindex": 1},
				"west": {"uv": [0, 0, 0, 0], "texture": "#1", "tintindex": 1},
				"up": {"uv": [0, 0, 0, 0], "texture": "#1", "tintindex": 1},
				"down": {"uv": [0, 0, 0, 0], "texture": "#1", "tintindex": 1}
			}
		}
	],
	"gui_light": "front",
	"display": {
		"thirdperson_righthand": {
			"translation": [0, 3, 1],
			"scale": [0.55, 0.55, 0.55]
		},
		"thirdperson_lefthand": {
			"translation": [0, 3, 1],
			"scale": [0.55, 0.55, 0.55]
		},
		"firstperson_righthand": {
			"rotation": [0, -90, 25],
			"translation": [1.13, 3.2, 1.13],
			"scale": [0.68, 0.68, 0.68]
		},
		"firstperson_lefthand": {
			"rotation": [0, -90, 25],
			"translation": [1.13, 3.2, 1.13],
			"scale": [0.68, 0.68, 0.68]
		},
		"ground": {
			"translation": [0, 2, 0],
			"scale": [0.5, 0.5, 0.5]
		},
		"head": {
			"rotation": [0, -180, 0],
			"translation": [0, 13, 7]
		},
		"fixed": {
			"rotation": [0, -180, 0]
		}
	},
	"groups": [
		{
			"name": "bottom",
			"origin": [8, 8, 8],
			"color": 0,
			"children": []
		},
		{
			"name": "bottom",
			"origin": [8, 8, 8],
			"color": 0,
			"children": []
		},
		{
			"name": "group",
			"origin": [11, 8, 19],
			"color": 0,
			"children": [
				{
					"name": "andesite_waystone",
					"origin": [8, 8, 8],
					"color": 0,
					"children": [0, 1, 2, 3, 4, 5, 6, 7, 8, 9, 10, 11, 12, 13, 14]
				}
			]
		},
		15
	]
}