{
  "cache": {
    "rpg_series:tier_4_weapons": [
      "paladins:aeternium_great_hammer",
      "paladins:ruby_great_hammer",
      "paladins:aeternium_claymore",
      "paladins:ruby_claymore",
      "paladins:aeternium_mace",
      "paladins:ruby_mace",
      "paladins:ruby_holy_staff"
    ],
    "rpg_series:tier_1_armors": [
      "paladins:paladin_armor_chest",
      "paladins:paladin_armor_feet",
      "paladins:paladin_armor_head",
      "paladins:paladin_armor_legs",
      "paladins:priest_robe_chest",
      "paladins:priest_robe_feet",
      "paladins:priest_robe_head",
      "paladins:priest_robe_legs"
    ],
    "rpg_series:tier_2_armors": [
      "paladins:crusader_armor_chest",
      "paladins:crusader_armor_feet",
      "paladins:crusader_armor_head",
      "paladins:crusader_armor_legs",
      "paladins:prior_robe_chest",
      "paladins:prior_robe_feet",
      "paladins:prior_robe_head",
      "paladins:prior_robe_legs"
    ],
    "rpg_series:tier_3_armors": [
      "paladins:netherite_crusader_armor_head",
      "paladins:netherite_crusader_armor_chest",
      "paladins:netherite_crusader_armor_legs",
      "paladins:netherite_crusader_armor_feet",
      "paladins:netherite_prior_robe_head",
      "paladins:netherite_prior_robe_chest",
      "paladins:netherite_prior_robe_legs",
      "paladins:netherite_prior_robe_feet"
    ],
    "rpg_series:tier_0_accessories": [],
    "rpg_series:tier_1_accessories": [
      "paladins:iron_kite_shield"
    ],
    "rpg_series:tier_3_weapons": [
      "paladins:netherite_mace",
      "paladins:netherite_great_hammer",
      "paladins:netherite_claymore",
      "paladins:netherite_holy_staff"
    ],
    "rpg_series:tier_2_accessories": [
      "paladins:diamond_kite_shield"
    ],
    "rpg_series:tier_3_accessories": [
      "paladins:netherite_kite_shield"
    ],
    "rpg_series:tier_1_weapons": [
      "paladins:iron_mace",
      "paladins:iron_great_hammer",
      "paladins:iron_claymore",
      "paladins:holy_staff"
    ],
    "rpg_series:golden_weapons": [
      "paladins:golden_claymore",
      "paladins:golden_great_hammer",
      "paladins:golden_mace",
      "paladins:golden_kite_shield"
    ],
    "rpg_series:tier_2_weapons": [
      "paladins:diamond_mace",
      "paladins:diamond_great_hammer",
      "paladins:diamond_claymore",
      "paladins:diamond_holy_staff"
    ],
    "rpg_series:tier_4_accessories": [
      "paladins:aeternium_kite_shield",
      "paladins:ruby_kite_shield"
    ],
    "rpg_series:tier_0_weapons": [
      "paladins:wooden_great_hammer",
      "paladins:stone_great_hammer",
      "paladins:stone_claymore",
      "paladins:acolyte_wand"
    ]
  }
}