{
	"variants": {
		"": [
			{
				"model": "paradise_lost:block/aurel_leaves",
				"weight": 8
			},
			{
				"model": "paradise_lost:block/aurel_leaves_mirrored",
				"weight": 8
			},
			{
				"model": "paradise_lost:block/aurel_leaves_1",
				"weight": 1
			},
			{
				"model": "paradise_lost:block/aurel_leaves_1",
				"y": 90,
				"weight": 1
			},
			{
				"model": "paradise_lost:block/aurel_leaves_1",
				"y": 180,
				"weight": 1
			},
			{
				"model": "paradise_lost:block/aurel_leaves_1",
				"y": 270,
				"weight": 1
			},
			{
				"model": "paradise_lost:block/aurel_leaves_2",
				"weight": 1
			},
			{
				"model": "paradise_lost:block/aurel_leaves_2",
				"y": 90,
				"weight": 1
			},
			{
				"model": "paradise_lost:block/aurel_leaves_2",
				"y": 180,
				"weight": 1
			},
			{
				"model": "paradise_lost:block/aurel_leaves_2",
				"y": 270,
				"weight": 1
			},
			{
				"model": "paradise_lost:block/aurel_leaves_mirrored_1",
				"weight": 1
			},
			{
				"model": "paradise_lost:block/aurel_leaves_mirrored_1",
				"y": 90,
				"weight": 1
			},
			{
				"model": "paradise_lost:block/aurel_leaves_mirrored_1",
				"y": 180,
				"weight": 1
			},
			{
				"model": "paradise_lost:block/aurel_leaves_mirrored_1",
				"y": 270,
				"weight": 1
			},
			{
				"model": "paradise_lost:block/aurel_leaves_mirrored_2",
				"weight": 1
			},
			{
				"model": "paradise_lost:block/aurel_leaves_mirrored_2",
				"y": 90,
				"weight": 1
			},
			{
				"model": "paradise_lost:block/aurel_leaves_mirrored_2",
				"y": 180,
				"weight": 1
			},
			{
				"model": "paradise_lost:block/aurel_leaves_mirrored_2",
				"y": 270,
				"weight": 1
			}
		]
	}
}