{
	"variants": {
		"": [
			{
				"model": "frights_and_foliage:block/marnor_leaves",
				"weight": 14
			},
			{
				"model": "frights_and_foliage:block/marnor_leaves_1",
				"weight": 1
			},
			{
				"model": "frights_and_foliage:block/marnor_leaves_1",
				"y": 90,
				"weight": 1
			},
			{
				"model": "frights_and_foliage:block/marnor_leaves_1",
				"y": 180,
				"weight": 1
			},
			{
				"model": "frights_and_foliage:block/marnor_leaves_1",
				"y": 270,
				"weight": 1
			},
			{
				"model": "frights_and_foliage:block/marnor_leaves_2",
				"weight": 2
			},
			{
				"model": "frights_and_foliage:block/marnor_leaves_2",
				"y": 90,
				"weight": 2
			},
			{
				"model": "frights_and_foliage:block/marnor_leaves_2",
				"y": 180,
				"weight": 2
			},
			{
				"model": "frights_and_foliage:block/marnor_leaves_2",
				"y": 270,
				"weight": 2
			},
			{
				"model": "frights_and_foliage:block/marnor_leaves_3",
				"weight": 1
			},
			{
				"model": "frights_and_foliage:block/marnor_leaves_3",
				"y": 90,
				"weight": 1
			},
			{
				"model": "frights_and_foliage:block/marnor_leaves_3",
				"y": 180,
				"weight": 1
			},
			{
				"model": "frights_and_foliage:block/marnor_leaves_3",
				"y": 270,
				"weight": 1
			},
			{
				"model": "frights_and_foliage:block/marnor_leaves_4",
				"weight": 2
			},
			{
				"model": "frights_and_foliage:block/marnor_leaves_4",
				"y": 90,
				"weight": 2
			},
			{
				"model": "frights_and_foliage:block/marnor_leaves_4",
				"y": 180,
				"weight": 2
			},
			{
				"model": "frights_and_foliage:block/marnor_leaves_4",
				"y": 270,
				"weight": 2
			}
		]
	}
}