{
	"variants": {
		"": [
			{
				"model": "frights_and_foliage:block/red_aseria_leaves",
				"weight": 8
			},
			{
				"model": "frights_and_foliage:block/red_aseria_leaves_1",
				"weight": 1
			},
			{
				"model": "frights_and_foliage:block/red_aseria_leaves_1",
				"y": 90,
				"weight": 1
			},
			{
				"model": "frights_and_foliage:block/red_aseria_leaves_1",
				"y": 180,
				"weight": 1
			},
			{
				"model": "frights_and_foliage:block/red_aseria_leaves_1",
				"y": 270,
				"weight": 1
			},
			{
				"model": "frights_and_foliage:block/red_aseria_leaves_2",
				"weight": 1
			},
			{
				"model": "frights_and_foliage:block/red_aseria_leaves_2",
				"y": 90,
				"weight": 1
			},
			{
				"model": "frights_and_foliage:block/red_aseria_leaves_2",
				"y": 180,
				"weight": 1
			},
			{
				"model": "frights_and_foliage:block/red_aseria_leaves_2",
				"y": 270,
				"weight": 1
			}
		]
	}
}