{
	"credit": "zanderest",
	"elements": [
		{
			"name": "block",
			"from": [0, 0, 0],
			"to": [16, 16, 16],
			"faces": {
				"north": {"uv": [0, 0, 16, 16], "texture": "#all", "cullface": "north", "tintindex": 0},
				"east": {"uv": [0, 0, 16, 16], "texture": "#all", "cullface": "east", "tintindex": 0},
				"south": {"uv": [0, 0, 16, 16], "texture": "#all", "cullface": "south", "tintindex": 0},
				"west": {"uv": [0, 0, 16, 16], "texture": "#all", "cullface": "west", "tintindex": 0},
				"down": {"uv": [0, 0, 16, 16], "texture": "#all", "cullface": "down", "tintindex": 0}
			}
		},
		{
			"name": "top_left",
			"from": [-3, 10.6554, -4],
			"to": [0, 18.6554, 0],
			"rotation": {"angle": -22.5, "axis": "x", "origin": [8, 10.6554, 8], "rescale": true},
			"faces": {
				"north": {"uv": [0, 4, 3, 12], "texture": "#all", "cullface": "up", "tintindex": 0},
				"west": {"uv": [12, 4, 16, 12], "texture": "#all", "cullface": "up", "tintindex": 0},
				"up": {"uv": [13, 12, 16, 16], "texture": "#all", "cullface": "up", "tintindex": 0},
				"down": {"uv": [13, 0, 16, 4], "texture": "#all", "cullface": "up", "tintindex": 0}
			}
		},
		{
			"name": "top",
			"from": [0, 10.6554, -4],
			"to": [16, 18.6554, 0],
			"rotation": {"angle": -22.5, "axis": "x", "origin": [8, 10.6554, 8], "rescale": true},
			"faces": {
				"north": {"uv": [0, 4, 16, 12], "texture": "#all", "cullface": "up", "tintindex": 0},
				"up": {"uv": [0, 12, 16, 16], "texture": "#all", "cullface": "up", "tintindex": 0},
				"down": {"uv": [0, 0, 16, 4], "texture": "#all", "cullface": "up", "tintindex": 0}
			}
		},
		{
			"name": "top_right",
			"from": [16, 10.6554, -4],
			"to": [19, 18.6554, 0],
			"rotation": {"angle": -22.5, "axis": "x", "origin": [8, 10.6554, 8], "rescale": true},
			"faces": {
				"north": {"uv": [13, 4, 16, 12], "texture": "#all", "cullface": "up", "tintindex": 0},
				"east": {"uv": [0, 4, 4, 12], "texture": "#all", "cullface": "up", "tintindex": 0},
				"up": {"uv": [0, 12, 3, 16], "texture": "#all", "cullface": "up", "tintindex": 0},
				"down": {"uv": [0, 0, 3, 4], "texture": "#all", "cullface": "up", "tintindex": 0}
			}
		},
		{
			"name": "left",
			"from": [-3, 10.6554, 0],
			"to": [0, 18.6554, 16],
			"rotation": {"angle": -22.5, "axis": "x", "origin": [8, 10.6554, 8], "rescale": true},
			"faces": {
				"west": {"uv": [0, 4, 16, 12], "texture": "#all", "cullface": "up", "tintindex": 0},
				"up": {"uv": [13, 0, 16, 16], "texture": "#all", "cullface": "up", "tintindex": 0},
				"down": {"uv": [13, 0, 16, 16], "texture": "#all", "cullface": "up", "tintindex": 0}
			}
		},
		{
			"name": "center",
			"from": [0, 10.6554, 0],
			"to": [16, 18.6554, 16],
			"rotation": {"angle": -22.5, "axis": "x", "origin": [8, 10.6554, 8], "rescale": true},
			"faces": {
				"up": {"uv": [0, 0, 16, 16], "texture": "#all", "cullface": "up", "tintindex": 0},
				"down": {"uv": [0, 0, 16, 16], "texture": "#all", "cullface": "up", "tintindex": 0}
			}
		},
		{
			"name": "right",
			"from": [16, 10.6554, 0],
			"to": [19, 18.6554, 16],
			"rotation": {"angle": -22.5, "axis": "x", "origin": [8, 10.6554, 8], "rescale": true},
			"faces": {
				"east": {"uv": [0, 4, 16, 12], "texture": "#all", "cullface": "up", "tintindex": 0},
				"up": {"uv": [0, 0, 3, 16], "texture": "#all", "cullface": "up", "tintindex": 0},
				"down": {"uv": [0, 0, 3, 16], "texture": "#all", "cullface": "up", "tintindex": 0}
			}
		},
		{
			"name": "bottom_left",
			"from": [-3, 10.6554, 16],
			"to": [0, 18.6554, 20],
			"rotation": {"angle": -22.5, "axis": "x", "origin": [8, 10.6554, 8], "rescale": true},
			"faces": {
				"south": {"uv": [13, 4, 16, 12], "texture": "#all", "cullface": "up", "tintindex": 0},
				"west": {"uv": [0, 4, 4, 12], "texture": "#all", "cullface": "up", "tintindex": 0},
				"up": {"uv": [13, 0, 16, 4], "texture": "#all", "cullface": "up", "tintindex": 0},
				"down": {"uv": [13, 12, 16, 16], "texture": "#all", "cullface": "up", "tintindex": 0}
			}
		},
		{
			"name": "bottom",
			"from": [0, 10.6554, 16],
			"to": [16, 18.6554, 20],
			"rotation": {"angle": -22.5, "axis": "x", "origin": [8, 10.6554, 8], "rescale": true},
			"faces": {
				"south": {"uv": [0, 4, 16, 12], "texture": "#all", "cullface": "up", "tintindex": 0},
				"up": {"uv": [0, 0, 16, 4], "texture": "#all", "cullface": "up", "tintindex": 0},
				"down": {"uv": [0, 12, 16, 16], "texture": "#all", "cullface": "up", "tintindex": 0}
			}
		},
		{
			"name": "bottom_right",
			"from": [16, 10.6554, 16],
			"to": [19, 18.6554, 20],
			"rotation": {"angle": -22.5, "axis": "x", "origin": [8, 10.6554, 8], "rescale": true},
			"faces": {
				"east": {"uv": [12, 4, 16, 12], "texture": "#all", "cullface": "up", "tintindex": 0},
				"south": {"uv": [0, 4, 3, 12], "texture": "#all", "cullface": "up", "tintindex": 0},
				"up": {"uv": [0, 0, 3, 4], "texture": "#all", "cullface": "up", "tintindex": 0},
				"down": {"uv": [0, 12, 3, 16], "texture": "#all", "cullface": "up", "tintindex": 0}
			}
		}
	]
}