{
	"credit": "zanderest",
	"elements": [
		{
			"name": "block",
			"from": [0, 0, 0],
			"to": [16, 16, 16],
			"faces": {
				"east": {"uv": [0, 0, 16, 16], "texture": "#all", "cullface": "east", "tintindex": 0},
				"south": {"uv": [0, 0, 16, 16], "texture": "#all", "cullface": "south", "tintindex": 0},
				"west": {"uv": [0, 0, 16, 16], "texture": "#all", "cullface": "west", "tintindex": 0},
				"up": {"uv": [0, 0, 16, 16], "texture": "#all", "cullface": "up", "tintindex": 0},
				"down": {"uv": [0, 0, 16, 16], "texture": "#all", "cullface": "down", "tintindex": 0}
			}
		},
		{
			"name": "top_left",
			"from": [-3, -4, 2.2845],
			"to": [0, 0, 10.2845],
			"rotation": {"angle": 22.5, "axis": "x", "origin": [8, 20, 10.2845], "rescale": true},
			"faces": {
				"north": {"uv": [13, 12, 16, 16], "rotation": 180, "texture": "#all", "cullface": "north", "tintindex": 0},
				"south": {"uv": [13, 0, 16, 4], "texture": "#all", "cullface": "north", "tintindex": 0},
				"west": {"uv": [12, 4, 16, 12], "rotation": 270, "texture": "#all", "cullface": "north", "tintindex": 0},
				"down": {"uv": [0, 4, 3, 12], "rotation": 180, "texture": "#all", "cullface": "north", "tintindex": 0}
			}
		},
		{
			"name": "top",
			"from": [0, -4, 2.2845],
			"to": [16, 0, 10.2845],
			"rotation": {"angle": 22.5, "axis": "x", "origin": [8, 20, 10.2845], "rescale": true},
			"faces": {
				"north": {"uv": [0, 12, 16, 16], "rotation": 180, "texture": "#all", "cullface": "north", "tintindex": 0},
				"south": {"uv": [0, 0, 16, 4], "texture": "#all", "cullface": "north", "tintindex": 0},
				"down": {"uv": [0, 4, 16, 12], "rotation": 180, "texture": "#all", "cullface": "north", "tintindex": 0}
			}
		},
		{
			"name": "top_right",
			"from": [16, -4, 2.2845],
			"to": [19, 0, 10.2845],
			"rotation": {"angle": 22.5, "axis": "x", "origin": [8, 20, 10.2845], "rescale": true},
			"faces": {
				"north": {"uv": [0, 12, 3, 16], "rotation": 180, "texture": "#all", "cullface": "north", "tintindex": 0},
				"east": {"uv": [0, 4, 4, 12], "rotation": 90, "texture": "#all", "cullface": "north", "tintindex": 0},
				"south": {"uv": [0, 0, 3, 4], "texture": "#all", "cullface": "north", "tintindex": 0},
				"down": {"uv": [13, 4, 16, 12], "rotation": 180, "texture": "#all", "cullface": "north", "tintindex": 0}
			}
		},
		{
			"name": "left",
			"from": [-3, 0, 2.2845],
			"to": [0, 16, 10.2845],
			"rotation": {"angle": 22.5, "axis": "x", "origin": [8, 20, 10.2845], "rescale": true},
			"faces": {
				"north": {"uv": [13, 0, 16, 16], "rotation": 180, "texture": "#all", "cullface": "north", "tintindex": 0},
				"south": {"uv": [13, 0, 16, 16], "texture": "#all", "cullface": "north", "tintindex": 0},
				"west": {"uv": [0, 4, 16, 12], "rotation": 270, "texture": "#all", "cullface": "north", "tintindex": 0}
			}
		},
		{
			"name": "center",
			"from": [0, 0, 2.2845],
			"to": [16, 16, 10.2845],
			"rotation": {"angle": 22.5, "axis": "x", "origin": [8, 20, 10.2845], "rescale": true},
			"faces": {
				"north": {"uv": [0, 0, 16, 16], "rotation": 180, "texture": "#all", "cullface": "north", "tintindex": 0},
				"south": {"uv": [0, 0, 16, 16], "texture": "#all", "cullface": "north", "tintindex": 0}
			}
		},
		{
			"name": "right",
			"from": [16, 0, 2.2845],
			"to": [19, 16, 10.2845],
			"rotation": {"angle": 22.5, "axis": "x", "origin": [8, 20, 10.2845], "rescale": true},
			"faces": {
				"north": {"uv": [0, 0, 3, 16], "rotation": 180, "texture": "#all", "cullface": "north", "tintindex": 0},
				"east": {"uv": [0, 4, 16, 12], "rotation": 90, "texture": "#all", "cullface": "north", "tintindex": 0},
				"south": {"uv": [0, 0, 3, 16], "texture": "#all", "cullface": "north", "tintindex": 0}
			}
		},
		{
			"name": "bottom_left",
			"from": [-3, 16, 2.2845],
			"to": [0, 20, 10.2845],
			"rotation": {"angle": 22.5, "axis": "x", "origin": [8, 20, 10.2845], "rescale": true},
			"faces": {
				"north": {"uv": [13, 0, 16, 4], "rotation": 180, "texture": "#all", "cullface": "north", "tintindex": 0},
				"south": {"uv": [13, 12, 16, 16], "texture": "#all", "cullface": "north", "tintindex": 0},
				"west": {"uv": [0, 4, 4, 12], "rotation": 270, "texture": "#all", "cullface": "north", "tintindex": 0},
				"up": {"uv": [13, 4, 16, 12], "texture": "#all", "cullface": "north", "tintindex": 0}
			}
		},
		{
			"name": "bottom",
			"from": [0, 16, 2.2845],
			"to": [16, 20, 10.2845],
			"rotation": {"angle": 22.5, "axis": "x", "origin": [8, 20, 10.2845], "rescale": true},
			"faces": {
				"north": {"uv": [0, 0, 16, 4], "rotation": 180, "texture": "#all", "cullface": "north", "tintindex": 0},
				"south": {"uv": [0, 12, 16, 16], "texture": "#all", "cullface": "north", "tintindex": 0},
				"up": {"uv": [0, 4, 16, 12], "texture": "#all", "cullface": "north", "tintindex": 0}
			}
		},
		{
			"name": "bottom_right",
			"from": [16, 16, 2.2845],
			"to": [19, 20, 10.2845],
			"rotation": {"angle": 22.5, "axis": "x", "origin": [8, 20, 10.2845], "rescale": true},
			"faces": {
				"north": {"uv": [0, 0, 3, 4], "rotation": 180, "texture": "#all", "cullface": "north", "tintindex": 0},
				"east": {"uv": [12, 4, 16, 12], "rotation": 90, "texture": "#all", "cullface": "north", "tintindex": 0},
				"south": {"uv": [0, 12, 3, 16], "texture": "#all", "cullface": "north", "tintindex": 0},
				"up": {"uv": [0, 4, 3, 12], "texture": "#all", "cullface": "north", "tintindex": 0}
			}
		}
	]
}