{
	"credit": "zanderest",
	"textures": {
		"particle": "#tint"
	},
	"elements": [
		{
			"name": "block",
			"from": [0, 0, 0],
			"to": [16, 16, 16],
			"faces": {
				"north": {"uv": [0, 0, 16, 16], "texture": "#tint", "cullface": "north", "tintindex": 0},
				"east": {"uv": [0, 0, 16, 16], "texture": "#tint", "cullface": "east", "tintindex": 0},
				"south": {"uv": [0, 0, 16, 16], "texture": "#tint", "cullface": "south", "tintindex": 0},
				"west": {"uv": [0, 0, 16, 16], "texture": "#tint", "cullface": "west", "tintindex": 0},
				"up": {"uv": [0, 0, 16, 16], "texture": "#tint", "cullface": "up", "tintindex": 0}
			}
		},
		{
			"name": "block",
			"from": [0, 0, 0],
			"to": [16, 16, 16],
			"faces": {
				"north": {"uv": [0, 0, 16, 16], "texture": "#overlay", "cullface": "north"},
				"east": {"uv": [0, 0, 16, 16], "texture": "#overlay", "cullface": "east"},
				"south": {"uv": [0, 0, 16, 16], "texture": "#overlay", "cullface": "south"},
				"west": {"uv": [0, 0, 16, 16], "texture": "#overlay", "cullface": "west"},
				"up": {"uv": [0, 0, 16, 16], "texture": "#overlay", "cullface": "up"}
			}
		},
		{
			"name": "top_left",
			"from": [-3, -2.6554, 16],
			"to": [0, 5.3446, 20],
			"rotation": {"angle": 22.5, "axis": "x", "origin": [8, 5.3446, 8], "rescale": true},
			"faces": {
				"south": {"uv": [0, 4, 3, 12], "rotation": 180, "texture": "#tint", "cullface": "down", "tintindex": 0},
				"west": {"uv": [12, 4, 16, 12], "rotation": 180, "texture": "#tint", "cullface": "down", "tintindex": 0},
				"up": {"uv": [13, 0, 16, 4], "texture": "#tint", "cullface": "down", "tintindex": 0},
				"down": {"uv": [13, 12, 16, 16], "texture": "#tint", "cullface": "down", "tintindex": 0}
			}
		},
		{
			"name": "top",
			"from": [0, -2.6554, 16],
			"to": [16, 5.3446, 20],
			"rotation": {"angle": 22.5, "axis": "x", "origin": [8, 5.3446, 8], "rescale": true},
			"faces": {
				"south": {"uv": [0, 4, 16, 12], "rotation": 180, "texture": "#tint", "cullface": "down", "tintindex": 0},
				"up": {"uv": [0, 0, 16, 4], "texture": "#tint", "cullface": "down", "tintindex": 0},
				"down": {"uv": [0, 12, 16, 16], "texture": "#tint", "cullface": "down", "tintindex": 0}
			}
		},
		{
			"name": "top_right",
			"from": [16, -2.6554, 16],
			"to": [19, 5.3446, 20],
			"rotation": {"angle": 22.5, "axis": "x", "origin": [8, 5.3446, 8], "rescale": true},
			"faces": {
				"east": {"uv": [0, 4, 4, 12], "rotation": 180, "texture": "#tint", "cullface": "down", "tintindex": 0},
				"south": {"uv": [13, 4, 16, 12], "rotation": 180, "texture": "#tint", "cullface": "down", "tintindex": 0},
				"up": {"uv": [0, 0, 3, 4], "texture": "#tint", "cullface": "down", "tintindex": 0},
				"down": {"uv": [0, 12, 3, 16], "texture": "#tint", "cullface": "down", "tintindex": 0}
			}
		},
		{
			"name": "left",
			"from": [-3, -2.6554, 0],
			"to": [0, 5.3446, 16],
			"rotation": {"angle": 22.5, "axis": "x", "origin": [8, 5.3446, 8], "rescale": true},
			"faces": {
				"west": {"uv": [0, 4, 16, 12], "rotation": 180, "texture": "#tint", "cullface": "down", "tintindex": 0},
				"up": {"uv": [13, 0, 16, 16], "texture": "#tint", "cullface": "down", "tintindex": 0},
				"down": {"uv": [13, 0, 16, 16], "texture": "#tint", "cullface": "down", "tintindex": 0}
			}
		},
		{
			"name": "center",
			"from": [0, -2.6554, 0],
			"to": [16, 5.3446, 16],
			"rotation": {"angle": 22.5, "axis": "x", "origin": [8, 5.3446, 8], "rescale": true},
			"faces": {
				"up": {"uv": [0, 0, 16, 16], "texture": "#tint", "cullface": "down", "tintindex": 0},
				"down": {"uv": [0, 0, 16, 16], "texture": "#tint", "cullface": "down", "tintindex": 0}
			}
		},
		{
			"name": "right",
			"from": [16, -2.6554, 0],
			"to": [19, 5.3446, 16],
			"rotation": {"angle": 22.5, "axis": "x", "origin": [8, 5.3446, 8], "rescale": true},
			"faces": {
				"east": {"uv": [0, 4, 16, 12], "rotation": 180, "texture": "#tint", "cullface": "down", "tintindex": 0},
				"up": {"uv": [0, 0, 3, 16], "texture": "#tint", "cullface": "down", "tintindex": 0},
				"down": {"uv": [0, 0, 3, 16], "texture": "#tint", "cullface": "down", "tintindex": 0}
			}
		},
		{
			"name": "bottom_left",
			"from": [-3, -2.6554, -4],
			"to": [0, 5.3446, 0],
			"rotation": {"angle": 22.5, "axis": "x", "origin": [8, 5.3446, 8], "rescale": true},
			"faces": {
				"north": {"uv": [13, 4, 16, 12], "rotation": 180, "texture": "#tint", "cullface": "down", "tintindex": 0},
				"west": {"uv": [0, 4, 4, 12], "rotation": 180, "texture": "#tint", "cullface": "down", "tintindex": 0},
				"up": {"uv": [13, 12, 16, 16], "texture": "#tint", "cullface": "down", "tintindex": 0},
				"down": {"uv": [13, 0, 16, 4], "texture": "#tint", "cullface": "down", "tintindex": 0}
			}
		},
		{
			"name": "bottom",
			"from": [0, -2.6554, -4],
			"to": [16, 5.3446, 0],
			"rotation": {"angle": 22.5, "axis": "x", "origin": [8, 5.3446, 8], "rescale": true},
			"faces": {
				"north": {"uv": [0, 4, 16, 12], "rotation": 180, "texture": "#tint", "cullface": "down", "tintindex": 0},
				"up": {"uv": [0, 12, 16, 16], "texture": "#tint", "cullface": "down", "tintindex": 0},
				"down": {"uv": [0, 0, 16, 4], "texture": "#tint", "cullface": "down", "tintindex": 0}
			}
		},
		{
			"name": "bottom_right",
			"from": [16, -2.6554, -4],
			"to": [19, 5.3446, 0],
			"rotation": {"angle": 22.5, "axis": "x", "origin": [8, 5.3446, 8], "rescale": true},
			"faces": {
				"north": {"uv": [0, 4, 3, 12], "rotation": 180, "texture": "#tint", "cullface": "down", "tintindex": 0},
				"east": {"uv": [12, 4, 16, 12], "rotation": 180, "texture": "#tint", "cullface": "down", "tintindex": 0},
				"up": {"uv": [0, 12, 3, 16], "texture": "#tint", "cullface": "down", "tintindex": 0},
				"down": {"uv": [0, 0, 3, 4], "texture": "#tint", "cullface": "down", "tintindex": 0}
			}
		},
		{
			"name": "top_left",
			"from": [-3, -2.6554, 16],
			"to": [0, 5.3446, 20],
			"rotation": {"angle": 22.5, "axis": "x", "origin": [8, 5.3446, 8], "rescale": true},
			"faces": {
				"south": {"uv": [0, 4, 3, 12], "rotation": 180, "texture": "#overlay", "cullface": "down"},
				"west": {"uv": [12, 4, 16, 12], "rotation": 180, "texture": "#overlay", "cullface": "down"},
				"up": {"uv": [13, 0, 16, 4], "texture": "#overlay", "cullface": "down"},
				"down": {"uv": [13, 12, 16, 16], "texture": "#overlay", "cullface": "down"}
			}
		},
		{
			"name": "top",
			"from": [0, -2.6554, 16],
			"to": [16, 5.3446, 20],
			"rotation": {"angle": 22.5, "axis": "x", "origin": [8, 5.3446, 8], "rescale": true},
			"faces": {
				"south": {"uv": [0, 4, 16, 12], "rotation": 180, "texture": "#overlay", "cullface": "down"},
				"up": {"uv": [0, 0, 16, 4], "texture": "#overlay", "cullface": "down"},
				"down": {"uv": [0, 12, 16, 16], "texture": "#overlay", "cullface": "down"}
			}
		},
		{
			"name": "top_right",
			"from": [16, -2.6554, 16],
			"to": [19, 5.3446, 20],
			"rotation": {"angle": 22.5, "axis": "x", "origin": [8, 5.3446, 8], "rescale": true},
			"faces": {
				"east": {"uv": [0, 4, 4, 12], "rotation": 180, "texture": "#overlay", "cullface": "down"},
				"south": {"uv": [13, 4, 16, 12], "rotation": 180, "texture": "#overlay", "cullface": "down"},
				"up": {"uv": [0, 0, 3, 4], "texture": "#overlay", "cullface": "down"},
				"down": {"uv": [0, 12, 3, 16], "texture": "#overlay", "cullface": "down"}
			}
		},
		{
			"name": "left",
			"from": [-3, -2.6554, 0],
			"to": [0, 5.3446, 16],
			"rotation": {"angle": 22.5, "axis": "x", "origin": [8, 5.3446, 8], "rescale": true},
			"faces": {
				"west": {"uv": [0, 4, 16, 12], "rotation": 180, "texture": "#overlay", "cullface": "down"},
				"up": {"uv": [13, 0, 16, 16], "texture": "#overlay", "cullface": "down"},
				"down": {"uv": [13, 0, 16, 16], "texture": "#overlay", "cullface": "down"}
			}
		},
		{
			"name": "center",
			"from": [0, -2.6554, 0],
			"to": [16, 5.3446, 16],
			"rotation": {"angle": 22.5, "axis": "x", "origin": [8, 5.3446, 8], "rescale": true},
			"faces": {
				"up": {"uv": [0, 0, 16, 16], "texture": "#overlay", "cullface": "down"},
				"down": {"uv": [0, 0, 16, 16], "texture": "#overlay", "cullface": "down"}
			}
		},
		{
			"name": "right",
			"from": [16, -2.6554, 0],
			"to": [19, 5.3446, 16],
			"rotation": {"angle": 22.5, "axis": "x", "origin": [8, 5.3446, 8], "rescale": true},
			"faces": {
				"east": {"uv": [0, 4, 16, 12], "rotation": 180, "texture": "#overlay", "cullface": "down"},
				"up": {"uv": [0, 0, 3, 16], "texture": "#overlay", "cullface": "down"},
				"down": {"uv": [0, 0, 3, 16], "texture": "#overlay", "cullface": "down"}
			}
		},
		{
			"name": "bottom_left",
			"from": [-3, -2.6554, -4],
			"to": [0, 5.3446, 0],
			"rotation": {"angle": 22.5, "axis": "x", "origin": [8, 5.3446, 8], "rescale": true},
			"faces": {
				"north": {"uv": [13, 4, 16, 12], "rotation": 180, "texture": "#overlay", "cullface": "down"},
				"west": {"uv": [0, 4, 4, 12], "rotation": 180, "texture": "#overlay", "cullface": "down"},
				"up": {"uv": [13, 12, 16, 16], "texture": "#overlay", "cullface": "down"},
				"down": {"uv": [13, 0, 16, 4], "texture": "#overlay", "cullface": "down"}
			}
		},
		{
			"name": "bottom",
			"from": [0, -2.6554, -4],
			"to": [16, 5.3446, 0],
			"rotation": {"angle": 22.5, "axis": "x", "origin": [8, 5.3446, 8], "rescale": true},
			"faces": {
				"north": {"uv": [0, 4, 16, 12], "rotation": 180, "texture": "#overlay", "cullface": "down"},
				"up": {"uv": [0, 12, 16, 16], "texture": "#overlay", "cullface": "down"},
				"down": {"uv": [0, 0, 16, 4], "texture": "#overlay", "cullface": "down"}
			}
		},
		{
			"name": "bottom_right",
			"from": [16, -2.6554, -4],
			"to": [19, 5.3446, 0],
			"rotation": {"angle": 22.5, "axis": "x", "origin": [8, 5.3446, 8], "rescale": true},
			"faces": {
				"north": {"uv": [0, 4, 3, 12], "rotation": 180, "texture": "#overlay", "cullface": "down"},
				"east": {"uv": [12, 4, 16, 12], "rotation": 180, "texture": "#overlay", "cullface": "down"},
				"up": {"uv": [0, 12, 3, 16], "texture": "#overlay", "cullface": "down"},
				"down": {"uv": [0, 0, 3, 4], "texture": "#overlay", "cullface": "down"}
			}
		}
	]
}