{
	"credit": "zanderest",
	"textures": {
		"particle": "#all"
	},
	"elements": [
		{
			"name": "block",
			"from": [0, 0, 0],
			"to": [16, 16, 16],
			"faces": {
				"north": {"uv": [0, 0, 16, 16], "texture": "#all", "cullface": "north"},
				"east": {"uv": [0, 0, 16, 16], "texture": "#all", "cullface": "east"},
				"south": {"uv": [0, 0, 16, 16], "texture": "#all", "cullface": "south"},
				"west": {"uv": [0, 0, 16, 16], "texture": "#all", "cullface": "west"},
				"down": {"uv": [0, 0, 16, 16], "texture": "#all", "cullface": "down"}
			}
		},
		{
			"name": "cross",
			"from": [ 0.8, 0, 8 ],
			"to": [ 15.2, 16, 8 ],
			"rotation": { "origin": [ 8, 8, 8 ], "axis": "y", "angle": 45, "rescale": true },
			"shade": false,
			"faces": {
				"north": { "uv": [ 0, 0, 16, 16 ], "texture": "#cross" },
				"south": { "uv": [ 0, 0, 16, 16 ], "texture": "#cross" }
			}
		},
		{
			"name": "cross",
			"from": [ 8, 0, 0.8 ],
			"to": [ 8, 16, 15.2 ],
			"rotation": { "origin": [ 8, 8, 8 ], "axis": "y", "angle": 45, "rescale": true },
			"shade": false,
			"faces": {
				"west": { "uv": [ 0, 0, 16, 16 ], "texture": "#cross" },
				"east": { "uv": [ 0, 0, 16, 16 ], "texture": "#cross" }
			}
		},
		{
			"name": "top_left",
			"from": [-3, 10.6554, -4],
			"to": [0, 18.6554, 0],
			"rotation": {"angle": -22.5, "axis": "x", "origin": [8, 10.6554, 8], "rescale": true},
			"faces": {
				"north": {"uv": [0, 4, 3, 12], "texture": "#all", "cullface": "up"},
				"west": {"uv": [12, 4, 16, 12], "texture": "#all", "cullface": "up"},
				"up": {"uv": [13, 12, 16, 16], "texture": "#all", "cullface": "up"},
				"down": {"uv": [13, 0, 16, 4], "texture": "#all", "cullface": "up"}
			}
		},
		{
			"name": "top",
			"from": [0, 10.6554, -4],
			"to": [16, 18.6554, 0],
			"rotation": {"angle": -22.5, "axis": "x", "origin": [8, 10.6554, 8], "rescale": true},
			"faces": {
				"north": {"uv": [0, 4, 16, 12], "texture": "#all", "cullface": "up"},
				"up": {"uv": [0, 12, 16, 16], "texture": "#all", "cullface": "up"},
				"down": {"uv": [0, 0, 16, 4], "texture": "#all", "cullface": "up"}
			}
		},
		{
			"name": "top_right",
			"from": [16, 10.6554, -4],
			"to": [19, 18.6554, 0],
			"rotation": {"angle": -22.5, "axis": "x", "origin": [8, 10.6554, 8], "rescale": true},
			"faces": {
				"north": {"uv": [13, 4, 16, 12], "texture": "#all", "cullface": "up"},
				"east": {"uv": [0, 4, 4, 12], "texture": "#all", "cullface": "up"},
				"up": {"uv": [0, 12, 3, 16], "texture": "#all", "cullface": "up"},
				"down": {"uv": [0, 0, 3, 4], "texture": "#all", "cullface": "up"}
			}
		},
		{
			"name": "left",
			"from": [-3, 10.6554, 0],
			"to": [0, 18.6554, 16],
			"rotation": {"angle": -22.5, "axis": "x", "origin": [8, 10.6554, 8], "rescale": true},
			"faces": {
				"west": {"uv": [0, 4, 16, 12], "texture": "#all", "cullface": "up"},
				"up": {"uv": [13, 0, 16, 16], "texture": "#all", "cullface": "up"},
				"down": {"uv": [13, 0, 16, 16], "texture": "#all", "cullface": "up"}
			}
		},
		{
			"name": "center",
			"from": [0, 10.6554, 0],
			"to": [16, 18.6554, 16],
			"rotation": {"angle": -22.5, "axis": "x", "origin": [8, 10.6554, 8], "rescale": true},
			"faces": {
				"up": {"uv": [0, 0, 16, 16], "texture": "#all", "cullface": "up"},
				"down": {"uv": [0, 0, 16, 16], "texture": "#all", "cullface": "up"}
			}
		},
		{
			"name": "right",
			"from": [16, 10.6554, 0],
			"to": [19, 18.6554, 16],
			"rotation": {"angle": -22.5, "axis": "x", "origin": [8, 10.6554, 8], "rescale": true},
			"faces": {
				"east": {"uv": [0, 4, 16, 12], "texture": "#all", "cullface": "up"},
				"up": {"uv": [0, 0, 3, 16], "texture": "#all", "cullface": "up"},
				"down": {"uv": [0, 0, 3, 16], "texture": "#all", "cullface": "up"}
			}
		},
		{
			"name": "bottom_left",
			"from": [-3, 10.6554, 16],
			"to": [0, 18.6554, 20],
			"rotation": {"angle": -22.5, "axis": "x", "origin": [8, 10.6554, 8], "rescale": true},
			"faces": {
				"south": {"uv": [13, 4, 16, 12], "texture": "#all", "cullface": "up"},
				"west": {"uv": [0, 4, 4, 12], "texture": "#all", "cullface": "up"},
				"up": {"uv": [13, 0, 16, 4], "texture": "#all", "cullface": "up"},
				"down": {"uv": [13, 12, 16, 16], "texture": "#all", "cullface": "up"}
			}
		},
		{
			"name": "bottom",
			"from": [0, 10.6554, 16],
			"to": [16, 18.6554, 20],
			"rotation": {"angle": -22.5, "axis": "x", "origin": [8, 10.6554, 8], "rescale": true},
			"faces": {
				"south": {"uv": [0, 4, 16, 12], "texture": "#all", "cullface": "up"},
				"up": {"uv": [0, 0, 16, 4], "texture": "#all", "cullface": "up"},
				"down": {"uv": [0, 12, 16, 16], "texture": "#all", "cullface": "up"}
			}
		},
		{
			"name": "bottom_right",
			"from": [16, 10.6554, 16],
			"to": [19, 18.6554, 20],
			"rotation": {"angle": -22.5, "axis": "x", "origin": [8, 10.6554, 8], "rescale": true},
			"faces": {
				"east": {"uv": [12, 4, 16, 12], "texture": "#all", "cullface": "up"},
				"south": {"uv": [0, 4, 3, 12], "texture": "#all", "cullface": "up"},
				"up": {"uv": [0, 0, 3, 4], "texture": "#all", "cullface": "up"},
				"down": {"uv": [0, 12, 3, 16], "texture": "#all", "cullface": "up"}
			}
		}
	]
}