{
  "#README": "This config file does not support comments. To see them configure it in-game using YACL or Cloth Config",
  "visuals": {
    "animation_intensity": 0.75,
    "show_hearths": false,
    "damage_numbers": true,
    "full_bright_damage_numbers": true,
    "hay_particles": true,
    "texture": "DEFAULT",
    "damage_type_colors": {
      "minecraft:generic": "#00FFFFFF",
      "minecraft:dragon_breath": "#00E600FF",
      "#minecraft:witch_resistant_to": "#00844CE7",
      "attributeslib:bleeding": "#00810A0A",
      "minecraft:trident": "#0000FF9D",
      "#dummmmmmy:is_cold": "#0009D2FF",
      "#minecraft:is_drowning": "#001898E3",
      "dummmmmmy:true": "#00910038",
      "minecraft:sonic_boom": "#00074550",
      "#minecraft:is_lightning": "#00FFF200",
      "#dummmmmmy:is_fire": "#00FF7700",
      "dummmmmmy:critical": "#00FF0000",
      "minecraft:wind_charge": "#00BEF3FF",
      "#dummmmmmy:is_wither": "#00666666",
      "#dummmmmmy:is_explosion": "#00FFBB29",
      "#dummmmmmy:is_thorn": "#000FA209"
    }
  }
}