{
  "crouchMode": "SWAP_ALL",
  "doVRControllerRumble": true,
  "returnItemsWhenLeavingImmersives": true,
  "disableImmersiveMCOutsideVR": false,
  "bagColor": 11901820,
  "rightClickChestInteractions": false,
  "autoCenterFurnaceImmersive": false,
  "autoCenterBrewingStandImmersive": false,
  "bagMode": "BUNDLE",
  "placementGuideMode": "CUBE",
  "spinSomeImmersiveOutputs": true,
  "rightClickImmersiveInteractionsInVR": false,
  "compatFor3dResourcePacks": false,
  "itemGuideSize": 1.0,
  "itemGuideSelectedSize": 1.0,
  "itemGuidePreset": "GRAY",
  "itemGuidePrideFlag": "PRIDE",
  "colorPresetAlpha": 127,
  "colorPresetSelectedAlpha": 207,
  "colorPresetRangedGrabSize": 255,
  "multiColorPresetTransitionTimeMS": 5000,
  "itemGuideCustomColorData": {
    "colors": [
      1670089611
    ],
    "selectedColors": [
      2143667653
    ],
    "rangedGrabColors": [
      2143667653
    ],
    "transitionTimeMS": 5000
  },
  "reachBehindBagMode": "BEHIND_BACK",
  "textScale": 1.0,
  "swapBagHand": false,
  "useGrabBeaconInVR": true,
  "useGrindMotionGrindstoneInVR": true,
  "dontAutoStepOnImmersiveBlocksInVR": true,
  "clientConfigVersion": 4,
  "useAnvilImmersive": true,
  "useBrewingStandImmersive": true,
  "useChestImmersive": true,
  "useCraftingTableImmersive": true,
  "useFurnaceImmersive": true,
  "useJukeboxImmersive": true,
  "useRangedGrabImmersive": true,
  "useButtonImmersive": true,
  "useEnchantingTableImmersive": true,
  "useCampfireImmersive": true,
  "useLeverImmersive": true,
  "useBagImmersive": true,
  "useRepeaterImmersive": true,
  "useDoorImmersive": true,
  "useTrapdoorImmersive": true,
  "allowPetting": true,
  "useArmorImmersive": true,
  "useFeedingAnimalsImmersive": true,
  "useShulkerImmersive": true,
  "allowPettingAnythingLiving": false,
  "useShieldImmersive": true,
  "rangedGrabRange": 8,
  "useBeaconImmersive": true,
  "useBarrelImmersive": true,
  "useThrowingImmersive": true,
  "allowThrowingBeyondVanillaMaxRange": true,
  "useHopperImmersive": true,
  "useSmithingTableImmersive": true,
  "useChiseledBookshelfImmersive": true,
  "useWrittenBookImmersive": true,
  "useCauldronImmersive": true,
  "useIronFurnacesFurnaceImmersive": true,
  "useTinkersConstructCraftingStationImmersive": true,
  "useLecternImmersive": true,
  "useBucketAndBottleImmersive": true,
  "useApotheosisEnchantmentTableImmersive": true,
  "useApotheosisSalvagingTableImmersive": true,
  "useGrindstoneImmersive": true,
  "disableVanillaInteractionsForSupportedImmersives": false,
  "commonConfigVersion": 2
}