{
  "performVersionCheck": true,
  "origins": {
    "origins:enderian": {
      "enabled": true,
      "origins:throw_ender_pearl": true,
      "origins:water_vulnerability": true,
      "origins:pumpkin_hate": true,
      "origins:extra_reach": true,
      "origins:ender_particles": true,
      "origins:damage_from_potions": true
    },
    "origins:human": {
      "enabled": true
    },
    "origins:feline": {
      "enabled": true,
      "origins:fall_immunity": true,
      "origins:sprint_jump": true,
      "origins:velvet_paws": true,
      "origins:nine_lives": true,
      "origins:weak_arms": true,
      "origins:scare_creepers": true,
      "origins:cat_vision": true
    },
    "origins:elytrian": {
      "enabled": true,
      "origins:elytra": true,
      "origins:launch_into_air": true,
      "origins:aerial_combatant": true,
      "origins:light_armor": true,
      "origins:claustrophobia": true,
      "origins:more_kinetic_damage": true
    },
    "extraorigins:piglin": {
      "enabled": true,
      "extraorigins:all_that_glitters": true,
      "extraorigins:crossbow_master": true,
      "extraorigins:piglin_neutrality": true,
      "origins:nether_spawn": true,
      "extraorigins:homesick": true,
      "extraorigins:golden_gluttony": true,
      "extraorigins:flabby": true,
      "extraorigins:soul_spooked": true
    },
    "origins:shulk": {
      "enabled": true,
      "origins:shulker_inventory": true,
      "origins:natural_armor": true,
      "origins:strong_arms": true,
      "origins:strong_arms_break_speed": true,
      "origins:no_shield": true,
      "origins:more_exhaustion": true
    },
    "origins:merling": {
      "enabled": true,
      "origins:water_breathing": true,
      "origins:water_vision": true,
      "origins:aqua_affinity": true,
      "origins:swim_speed": true,
      "origins:like_water": true,
      "origins:aquatic": true,
      "origins:conduit_power_on_land": true,
      "origins:air_from_potions": true
    },
    "origins:phantom": {
      "enabled": true,
      "origins:phantomize": true,
      "origins:translucent": true,
      "origins:phasing": true,
      "origins:invisibility": true,
      "origins:burn_in_daylight": true,
      "origins:hunger_over_time": true,
      "origins:fragile": true,
      "origins:phantomize_overlay": true
    },
    "origins:arachnid": {
      "enabled": true,
      "origins:climbing": true,
      "origins:master_of_webs": true,
      "origins:carnivore": true,
      "origins:fragile": true,
      "origins:arthropod": true
    },
    "extraorigins:inchling": {
      "enabled": true,
      "extraorigins:bite_sized": true,
      "extraorigins:nimble": true,
      "extraorigins:small_appetite": true,
      "origins:climbing": true,
      "extraorigins:jockey": true
    },
    "origins:blazeborn": {
      "enabled": true,
      "origins:fire_immunity": true,
      "origins:nether_spawn": true,
      "origins:burning_wrath": true,
      "origins:hotblooded": true,
      "origins:water_vulnerability": true,
      "origins:flame_particles": true,
      "origins:damage_from_snowballs": true,
      "origins:damage_from_potions": true
    },
    "origins:avian": {
      "enabled": true,
      "origins:slow_falling": true,
      "origins:fresh_air": true,
      "origins:like_air": true,
      "origins:tailwind": true,
      "origins:lay_eggs": true,
      "origins:vegetarian": true
    },
    "extraorigins:floran": {
      "enabled": true,
      "extraorigins:green_thumb": true,
      "extraorigins:photosynthesis": true,
      "extraorigins:absorbing": true,
      "extraorigins:flammable": true,
      "extraorigins:nectarivore": true
    },
    "extraorigins:truffle": {
      "enabled": true,
      "extraorigins:magic_spores": true,
      "extraorigins:infestation": true,
      "extraorigins:rooted": true,
      "extraorigins:decomposition": true
    },
    "moborigins:witch": {
      "enabled": true,
      "moborigins:better_potions": true,
      "moborigins:potion_action": true,
      "moborigins:witch_particles": true,
      "moborigins:pillager_aligned": true,
      "moborigins:illager": true
    },
    "moborigins:drowned": {
      "enabled": true,
      "moborigins:trident_expert": true,
      "moborigins:water_vision": true,
      "moborigins:guardian_ally": true,
      "moborigins:water_combatant": true,
      "moborigins:undead": true,
      "moborigins:zombie_hunger": true,
      "moborigins:surface_slowness": true,
      "origins:carnivore": true
    },
    "rpg_origins:cleric": {
      "enabled": true,
      "rpg_origins:villagefriendly": true,
      "rpg_origins:untrained": true,
      "rpg_origins:brewer_jumpboost": true,
      "rpg_origins:brewer_speed": true,
      "rpg_origins:brewer_strength": true,
      "rpg_origins:brewer_regeneration": true,
      "rpg_origins:heal_pool": true,
      "rpg_origins:forgivable": true,
      "rpg_origins:pure": true,
      "rpg_origins:pure_color": true,
      "rpg_origins:pure_shake": true,
      "rpg_origins:one_with_the_world": true
    },
    "moborigins:bee": {
      "enabled": true,
      "moborigins:stinger": true,
      "moborigins:flower_power": true,
      "moborigins:queen_bee": true,
      "moborigins:small_bug": true,
      "moborigins:bee_wings": true,
      "origins:vegetarian": true
    },
    "moborigins:guardian": {
      "enabled": true,
      "moborigins:guardian_spikes": true,
      "moborigins:guardian_ally": true,
      "moborigins:prismarine_skin": true,
      "moborigins:surface_weakness": true,
      "moborigins:slippery": true,
      "origins:water_breathing": true,
      "origins:water_vision": true,
      "origins:aqua_affinity": true,
      "origins:swim_speed": true,
      "origins:like_water": true,
      "origins:aquatic": true,
      "origins:conduit_power_on_land": true,
      "origins:air_from_potions": true
    },
    "rpg_origins:knight": {
      "enabled": true,
      "rpg_origins:durable": true,
      "origins:more_exhaustion": true,
      "rpg_origins:prepared": true,
      "rpg_origins:trained": true
    },
    "moborigins:elder_guardian": {
      "enabled": true,
      "moborigins:elder_spikes": true,
      "moborigins:elder_magic": true,
      "moborigins:mining_fatigue_immune": true,
      "moborigins:guardian_ally": true,
      "moborigins:prismarine_skin": true,
      "moborigins:surface_weakness": true,
      "moborigins:slippery": true,
      "origins:water_breathing": true,
      "origins:water_vision": true,
      "origins:aqua_affinity": true,
      "origins:swim_speed": true,
      "origins:like_water": true,
      "origins:aquatic": true,
      "origins:conduit_power_on_land": true,
      "origins:air_from_potions": true
    },
    "rpg_origins:brute": {
      "enabled": true,
      "rpg_origins:no_time_to_rest": true,
      "origins:no_shield": true,
      "origins:strong_arms": true,
      "rpg_origins:select_targets_strong": true,
      "origins:natural_armor": true,
      "rpg_origins:select_targets_weak": true
    },
    "rpg_origins:mage": {
      "enabled": true,
      "rpg_origins:fastcure": true,
      "rpg_origins:untrained": true,
      "rpg_origins:fireball": true,
      "rpg_origins:water_walk": true,
      "rpg_origins:unwieldly": true
    },
    "rpg_origins:thief": {
      "enabled": true,
      "rpg_origins:speedy": true,
      "rpg_origins:stealthy": true,
      "origins:no_shield": true,
      "rpg_origins:better_unnoticed": true,
      "rpg_origins:uneasy_alliance": true,
      "rpg_origins:thefty": true,
      "rpg_origins:stealthy_damage": true,
      "rpg_origins:weak": true
    },
    "moborigins:evoker": {
      "enabled": true,
      "moborigins:summon_fangs": true,
      "moborigins:lower_totem_chance": true,
      "moborigins:pillager_aligned": true,
      "moborigins:illager": true
    },
    "rpg_origins:archer": {
      "enabled": true,
      "rpg_origins:marksman": true,
      "rpg_origins:untrained": true,
      "rpg_origins:inexperienced": true,
      "rpg_origins:resourceful": true,
      "rpg_origins:quiver": true
    },
    "rpg_origins:bard": {
      "enabled": true,
      "rpg_origins:horn_effects/ponder": true,
      "rpg_origins:horn_effects/sing": true,
      "rpg_origins:horn_effects/feel": true,
      "rpg_origins:horn_effects/admire": true,
      "rpg_origins:horn_effects/call": true,
      "rpg_origins:horn_effects/dream": true,
      "rpg_origins:horn_effects/seek": true,
      "rpg_origins:horn_effects/yearn": true,
      "rpg_origins:musical_talent": true,
      "rpg_origins:musical_past": true,
      "rpg_origins:decoy": true,
      "origins:more_exhaustion": true,
      "rpg_origins:not_the_smartest": true,
      "rpg_origins:charismatic": true,
      "rpg_origins:charismatic_toggle": true
    },
    "moborigins:wolf": {
      "enabled": true,
      "moborigins:wolf_body": true,
      "moborigins:full_moon": true,
      "moborigins:alpha_wolf": true,
      "moborigins:wolf_howl": true,
      "moborigins:wolf_pack": true,
      "origins:carnivore": true
    },
    "moborigins:fox": {
      "enabled": true,
      "moborigins:timid_creature": true,
      "moborigins:better_berries": true,
      "moborigins:careful_gatherer": true,
      "moborigins:item_collector": true,
      "moborigins:sly": true,
      "moborigins:small_fox": true
    },
    "moborigins:snowgolem": {
      "enabled": true,
      "origins:water_vulnerability": true,
      "moborigins:temperature": true,
      "moborigins:overheat": true,
      "moborigins:melting": true,
      "moborigins:stronger_snowballs": true,
      "moborigins:snow_trail": true,
      "moborigins:frigid_strength": true
    },
    "moborigins:slime": {
      "enabled": true,
      "moborigins:bouncy": true,
      "moborigins:split": true,
      "moborigins:small_weak": true,
      "origins:fall_immunity": true,
      "moborigins:slimy_color": true,
      "moborigins:dyeable": true
    },
    "moborigins:strider": {
      "enabled": true,
      "origins:fire_immunity": true,
      "origins:nether_spawn": true,
      "origins:water_vulnerability": true,
      "moborigins:lava_walk": true,
      "moborigins:surface_slowness": true,
      "moborigins:rideable_creature": true,
      "moborigins:strider_shake": true,
      "moborigins:warped_fungus_eater": true
    }
  }
}