{
  "targets":"minecraft:splash_potion",
  "custom_models":[
  
    {
      "model": "minecraft:item/splash_potions/water",
      "components": {
        "minecraft:potion_contents": {
          "potion":"minecraft:water"
        }
      }
    },
    {
      "model": "minecraft:item/splash_potions/mundane",
      "components": {
        "minecraft:potion_contents": {
          "potion":"minecraft:mundane"
        }
      }
    },
    {
      "model": "minecraft:item/splash_potions/thick",
      "components": {
        "minecraft:potion_contents": {
          "potion":"minecraft:thick"
        }
      }
    },
    {
      "model": "minecraft:item/splash_potions/awkward",
      "components": {
        "minecraft:potion_contents": {
          "potion":"minecraft:awkward"
        }
      }
    },
    {
      "model": "minecraft:item/splash_potions/luck",
      "components": {
        "minecraft:potion_contents": {
          "potion":"minecraft:luck"
        }
      }
    },
    {
      "model": "minecraft:item/splash_potions/oozing",
      "components": {
        "minecraft:potion_contents": {
          "potion":"minecraft:oozing"
        }
      }
    },
    {
      "model": "minecraft:item/splash_potions/weaving",
      "components": {
        "minecraft:potion_contents": {
          "potion":"minecraft:weaving"
        }
      }
    },
    {
      "model": "minecraft:item/splash_potions/infested",
      "components": {
        "minecraft:potion_contents": {
          "potion":"minecraft:infested"
        }
      }
    },
    {
      "model": "minecraft:item/splash_potions/wind_charged",
      "components": {
        "minecraft:potion_contents": {
          "potion":"minecraft:wind_charged"
        }
      }
    },
  
  





  {
    "model": "minecraft:item/splash_potions/night_vision/1",
    "components": {
      "minecraft:potion_contents": {
        "potion":"minecraft:night_vision"
      }
    }
  },
  {
    "model": "minecraft:item/splash_potions/night_vision/l",
    "components": {
      "minecraft:potion_contents": {
        "potion":"minecraft:long_night_vision"
      }
    }
  },


  {
    "model": "minecraft:item/splash_potions/invisibility/1",
    "components": {
      "minecraft:potion_contents": {
        "potion":"minecraft:invisibility"
      }
    }
  },
  {
    "model": "minecraft:item/splash_potions/invisibility/l",
    "components": {
      "minecraft:potion_contents": {
        "potion":"minecraft:long_invisibility"
      }
    }
  },


  {
    "model": "minecraft:item/splash_potions/healing/1",
    "components": {
      "minecraft:potion_contents": {
        "potion":"minecraft:healing"
      }
    }
  },
  {
    "model": "minecraft:item/splash_potions/healing/2",
    "components": {
      "minecraft:potion_contents": {
        "potion":"minecraft:strong_healing"
      }
    }
  },


  {
    "model": "minecraft:item/splash_potions/harming/1",
    "components": {
      "minecraft:potion_contents": {
        "potion":"minecraft:harming"
      }
    }
  },
  {
    "model": "minecraft:item/splash_potions/harming/2",
    "components": {
      "minecraft:potion_contents": {
        "potion":"minecraft:strong_harming"
      }
    }
  },


  {
    "model": "minecraft:item/splash_potions/fire_resistance/1",
    "components": {
      "minecraft:potion_contents": {
        "potion":"minecraft:fire_resistance"
      }
    }
  },
  {
    "model": "minecraft:item/splash_potions/fire_resistance/l",
    "components": {
      "minecraft:potion_contents": {
        "potion":"minecraft:long_fire_resistance"
      }
    }
  },


  {
    "model": "minecraft:item/splash_potions/water_breathing/1",
    "components": {
      "minecraft:potion_contents": {
        "potion":"minecraft:water_breathing"
      }
    }
  },
  {
    "model": "minecraft:item/splash_potions/water_breathing/l",
    "components": {
      "minecraft:potion_contents": {
        "potion":"minecraft:long_water_breathing"
      }
    }
  },


  {
    "model": "minecraft:item/splash_potions/slow_falling/1",
    "components": {
      "minecraft:potion_contents": {
        "potion":"minecraft:slow_falling"
      }
    }
  },
  {
    "model": "minecraft:item/splash_potions/slow_falling/l",
    "components": {
      "minecraft:potion_contents": {
        "potion":"minecraft:long_slow_falling"
      }
    }
  },


  {
    "model": "minecraft:item/splash_potions/weakness/1",
    "components": {
      "minecraft:potion_contents": {
        "potion":"minecraft:weakness"
      }
    }
  },
  {
    "model": "minecraft:item/splash_potions/weakness/l",
    "components": {
      "minecraft:potion_contents": {
        "potion":"minecraft:long_weakness"
      }
    }
  },








  {
    "model": "minecraft:item/splash_potions/speed/1",
    "components": {
      "minecraft:potion_contents": {
        "potion":"minecraft:swiftness"
      }
    }
  },
  {
    "model": "minecraft:item/splash_potions/speed/2",
    "components": {
      "minecraft:potion_contents": {
        "potion":"minecraft:strong_swiftness"
      }
    }
  },
  {
    "model": "minecraft:item/splash_potions/speed/l",
    "components": {
      "minecraft:potion_contents": {
        "potion":"minecraft:long_swiftness"
      }
    }
  },

  {
    "model": "minecraft:item/splash_potions/slowness/1",
    "components": {
      "minecraft:potion_contents": {
        "potion":"minecraft:slowness"
      }
    }
  },
  {
    "model": "minecraft:item/splash_potions/slowness/2",
    "components": {
      "minecraft:potion_contents": {
        "potion":"minecraft:strong_slowness"
      }
    }
  },
  {
    "model": "minecraft:item/splash_potions/slowness/l",
    "components": {
      "minecraft:potion_contents": {
        "potion":"minecraft:long_slowness"
      }
    }
  },

  {
    "model": "minecraft:item/splash_potions/jump_boost/1",
    "components": {
      "minecraft:potion_contents": {
        "potion":"minecraft:leaping"
      }
    }
  },
  {
    "model": "minecraft:item/splash_potions/jump_boost/2",
    "components": {
      "minecraft:potion_contents": {
        "potion":"minecraft:strong_leaping"
      }
    }
  },
  {
    "model": "minecraft:item/splash_potions/jump_boost/l",
    "components": {
      "minecraft:potion_contents": {
        "potion":"minecraft:long_leaping"
      }
    }
  },


  {
    "model": "minecraft:item/splash_potions/turtle_master/1",
    "components": {
      "minecraft:potion_contents": {
        "potion":"minecraft:turtle_master"
      }
    }
  },
  {
    "model": "minecraft:item/splash_potions/turtle_master/2",
    "components": {
      "minecraft:potion_contents": {
        "potion":"minecraft:strong_turtle_master"
      }
    }
  },
  {
    "model": "minecraft:item/splash_potions/turtle_master/l",
    "components": {
      "minecraft:potion_contents": {
        "potion":"minecraft:long_turtle_master"
      }
    }
  },

  
  {
    "model": "minecraft:item/splash_potions/poison/1",
    "components": {
      "minecraft:potion_contents": {
        "potion":"minecraft:poison"
      }
    }
  },
  {
    "model": "minecraft:item/splash_potions/poison/2",
    "components": {
      "minecraft:potion_contents": {
        "potion":"minecraft:strong_poison"
      }
    }
  },
  {
    "model": "minecraft:item/splash_potions/poison/l",
    "components": {
      "minecraft:potion_contents": {
        "potion":"minecraft:long_poison"
      }
    }
  },

  
  {
    "model": "minecraft:item/splash_potions/strength/1",
    "components": {
      "minecraft:potion_contents": {
        "potion":"minecraft:strength"
      }
    }
  },
  {
    "model": "minecraft:item/splash_potions/strength/2",
    "components": {
      "minecraft:potion_contents": {
        "potion":"minecraft:strong_strength"
      }
    }
  },
  {
    "model": "minecraft:item/splash_potions/strength/l",
    "components": {
      "minecraft:potion_contents": {
        "potion":"minecraft:long_strength"
      }
    }
  },

  
  {
    "model": "minecraft:item/splash_potions/regeneration/1",
    "components": {
      "minecraft:potion_contents": {
        "potion":"minecraft:regeneration"
      }
    }
  },
  {
    "model": "minecraft:item/splash_potions/regeneration/2",
    "components": {
      "minecraft:potion_contents": {
        "potion":"minecraft:strong_regeneration"
      }
    }
  },
  {
    "model": "minecraft:item/splash_potions/regeneration/l",
    "components": {
      "minecraft:potion_contents": {
        "potion":"minecraft:long_regeneration"
      }
    }
  }

  ]
}